image_id,filename,overall_score,hard_failure_reasons,score_focus,score_brightness,score_contrast,score_noise,score_fov,score_illumination,score_artifact
aptos_014508ccb9cb,aptos_014508ccb9cb.png,0.6819,Severe Non-Uniform Illumination (Map CoV=0.533 > 0.52),0.2773,0.6269,1.0,0.9016,0.9839,0.3082,1.0
aptos_0180bfa26c0b,aptos_0180bfa26c0b.png,0.7302,"Severe Defocus Blur (NormLap=12.2 < 8.0, RawLap=3.75, Tenengrad=62.6)",0.0925,0.7792,1.0,0.9483,1.0,0.9536,1.0
aptos_033f2b43de6d,aptos_033f2b43de6d.png,0.6907,Severe Underexposure (Retinal Mean Intensity=39.2 < 40.0),0.6141,0.0413,1.0,0.9286,0.9995,0.3818,1.0
aptos_05195a3db5e2,aptos_05195a3db5e2.png,0.7183,"Severe Defocus Blur (NormLap=6.2 < 8.0, RawLap=9.64, Tenengrad=238.3)",0.2513,0.5243,1.0,0.9176,0.9839,0.8745,1.0
aptos_09eeafa9656a,aptos_09eeafa9656a.png,0.777,"Severe Defocus Blur (NormLap=38.1 < 8.0, RawLap=3.86, Tenengrad=62.1)",0.421,0.5128,1.0,0.9488,1.0,1.0,1.0
aptos_0b00f8a77510,aptos_0b00f8a77510.png,0.6866,"Severe Defocus Blur (NormLap=5.7 < 8.0, RawLap=8.91, Tenengrad=256.5)",0.2632,0.3472,0.9862,0.9174,0.9839,0.8148,1.0
aptos_0b2ea8f268cf,aptos_0b2ea8f268cf.png,0.7417,"Severe Defocus Blur (NormLap=7.7 < 8.0, RawLap=12.01, Tenengrad=360.2)",0.3179,0.5729,1.0,0.9059,0.984,0.8812,1.0
aptos_0b64a0a06f9a,aptos_0b64a0a06f9a.png,0.7311,"Severe Defocus Blur (NormLap=6.9 < 8.0, RawLap=10.85, Tenengrad=412.4)",0.3396,0.7069,1.0,0.9131,0.9839,0.7759,0.7368
aptos_0cecc2864b7f,aptos_0cecc2864b7f.png,0.7208,"Severe Defocus Blur (NormLap=6.4 < 8.0, RawLap=9.94, Tenengrad=323.3)",0.3005,0.536,1.0,0.9141,0.984,0.7626,1.0
aptos_0da321efbce6,aptos_0da321efbce6.png,0.7021,"Severe Defocus Blur (NormLap=4.8 < 8.0, RawLap=7.45, Tenengrad=249.5)",0.2588,0.4885,1.0,0.9251,0.9839,0.7403,1.0
aptos_0fbbd665431f,aptos_0fbbd665431f.png,0.6324,"Severe Defocus Blur (NormLap=5.3 < 8.0, RawLap=8.35, Tenengrad=180.6)",0.2067,0.3842,0.644,0.9226,0.9839,0.8659,1.0
aptos_0fc6829da85b,aptos_0fc6829da85b.png,0.6868,Severe Underexposure (Retinal Mean Intensity=36.4 < 40.0),0.5764,0.2274,0.4384,0.93,0.9987,1.0,1.0
aptos_164cd5a3a6cd,aptos_164cd5a3a6cd.png,0.7219,"Severe Defocus Blur (NormLap=24.8 < 8.0, RawLap=3.88, Tenengrad=37.8)",0.2617,0.5983,0.8147,0.95,0.9966,1.0,1.0
aptos_184a185e7447,aptos_184a185e7447.png,0.7222,"Severe Defocus Blur (NormLap=6.9 < 8.0, RawLap=10.77, Tenengrad=265.0)",0.2685,0.5746,1.0,0.9146,0.984,0.7984,1.0
aptos_18621b9ca978,aptos_18621b9ca978.png,0.6979,"Severe Defocus Blur (NormLap=4.9 < 8.0, RawLap=7.70, Tenengrad=197.2)",0.2209,0.4878,1.0,0.9261,0.9839,0.7933,1.0
aptos_18d8fdb140b7,aptos_18d8fdb140b7.png,0.7978,"Severe Defocus Blur (NormLap=37.7 < 8.0, RawLap=3.83, Tenengrad=59.0)",0.4099,0.7835,0.8862,0.949,1.0,1.0,1.0
aptos_1b8701231c8f,aptos_1b8701231c8f.png,0.6509,"Severe Defocus Blur (NormLap=4.4 < 8.0, RawLap=6.84, Tenengrad=109.2)",0.1257,0.4569,0.8504,0.9327,0.984,0.8254,1.0
aptos_1c0e5dd1b14c,aptos_1c0e5dd1b14c.png,0.8178,"Severe Defocus Blur (NormLap=32.4 < 8.0, RawLap=3.28, Tenengrad=72.1)",0.3978,0.8206,1.0,0.9531,1.0,1.0,1.0
aptos_1d11794057ff,aptos_1d11794057ff.png,0.7305,"Severe Defocus Blur (NormLap=6.6 < 8.0, RawLap=10.28, Tenengrad=358.1)",0.3169,0.633,1.0,0.9141,0.984,0.6726,1.0
aptos_1f543a86c4d4,aptos_1f543a86c4d4.png,0.8262,"Severe Defocus Blur (NormLap=33.8 < 8.0, RawLap=3.42, Tenengrad=43.1)",0.3512,0.9789,0.9754,0.9523,1.0,1.0,1.0
aptos_2221cf5c7935,aptos_2221cf5c7935.png,0.7851,"Severe Corneal Glare Artifacts (5 blobs, 0.83% saturation)",0.7861,0.7718,1.0,0.9128,0.9963,0.8206,0.0
aptos_240b25a7debe,aptos_240b25a7debe.png,0.7053,"Severe Defocus Blur (NormLap=7.9 < 8.0, RawLap=12.34, Tenengrad=323.8); Severe Non-Uniform Illumination (Map CoV=0.587 > 0.52)",0.3007,0.7118,1.0,0.9075,0.9839,0.35,1.0
aptos_26d60db3bbfd,aptos_26d60db3bbfd.png,0.6753,"Severe Defocus Blur (NormLap=6.8 < 8.0, RawLap=10.66, Tenengrad=208.2)",0.2296,0.4599,0.7696,0.9128,0.9839,0.9459,1.0
aptos_27f82ada84ac,aptos_27f82ada84ac.png,0.6068,"Severe Defocus Blur (NormLap=3.7 < 8.0, RawLap=5.73, Tenengrad=131.7)",0.1559,0.3833,0.5698,0.9368,0.9839,0.8359,1.0
aptos_28a4d00927b7,aptos_28a4d00927b7.png,0.6977,Severe Underexposure (Retinal Mean Intensity=32.7 < 40.0),0.563,0.0,0.8826,0.9321,1.0,0.8141,1.0
aptos_29f44aea93a4,aptos_29f44aea93a4.png,0.837,"Severe Defocus Blur (NormLap=36.1 < 8.0, RawLap=3.66, Tenengrad=68.2)",0.42,0.9132,1.0,0.9504,1.0,1.0,1.0
aptos_2a7373eeb352,aptos_2a7373eeb352.png,0.7059,"Severe Defocus Blur (NormLap=6.0 < 8.0, RawLap=9.37, Tenengrad=331.6)",0.3046,0.5418,1.0,0.9191,0.9839,0.5894,1.0
aptos_2c77bf969079,aptos_2c77bf969079.png,0.7167,Severe Underexposure (Retinal Mean Intensity=37.2 < 40.0),0.5864,0.2411,0.61,0.9287,0.9973,1.0,1.0
aptos_2e79041ef722,aptos_2e79041ef722.png,0.6934,Severe Underexposure (Retinal Mean Intensity=37.1 < 40.0),0.5787,0.0,1.0,0.9298,0.999,0.5588,1.0
aptos_2f8d14a7d390,aptos_2f8d14a7d390.png,0.6865,Severe Underexposure (Retinal Mean Intensity=39.5 < 40.0),0.5722,0.2904,0.3807,0.9306,0.9984,1.0,1.0
aptos_3286073a976e,aptos_3286073a976e.png,0.7353,"Severe Defocus Blur (NormLap=6.5 < 8.0, RawLap=10.18, Tenengrad=273.6)",0.2736,0.6312,1.0,0.9177,0.984,0.8287,1.0
aptos_345b1f0abbba,aptos_345b1f0abbba.png,0.7475,"Severe Corneal Glare Artifacts (5 blobs, 1.00% saturation)",0.7062,0.6334,1.0,0.919,0.9967,0.8457,0.0
aptos_352e4a939242,aptos_352e4a939242.png,0.6702,"Severe Corneal Glare Artifacts (19 blobs, 0.90% saturation)",0.9205,0.6483,0.7215,0.7048,0.8401,0.3811,0.0
aptos_36e4b704b905,aptos_36e4b704b905.png,0.677,"Severe Defocus Blur (NormLap=5.3 < 8.0, RawLap=8.22, Tenengrad=218.1)",0.2371,0.482,1.0,0.9249,0.9839,0.5534,1.0
aptos_387138ddf43d,aptos_387138ddf43d.png,0.5903,"Severe Defocus Blur (NormLap=5.4 < 8.0, RawLap=8.43, Tenengrad=148.7)",0.1755,0.3502,0.3985,0.9228,0.9839,0.943,1.0
aptos_3ac3fbfca7d4,aptos_3ac3fbfca7d4.png,0.8017,"Severe Defocus Blur (NormLap=38.7 < 8.0, RawLap=3.92, Tenengrad=96.7)",0.4966,0.5521,1.0,0.9478,1.0,1.0,1.0
aptos_3b10191dfd25,aptos_3b10191dfd25.png,0.7533,"Severe Defocus Blur (NormLap=7.1 < 8.0, RawLap=11.14, Tenengrad=429.1)",0.346,0.6711,1.0,0.9048,0.9839,0.7803,1.0
aptos_3b232b394e4f,aptos_3b232b394e4f.png,0.7155,"Severe Corneal Glare Artifacts (9 blobs, 0.72% saturation)",0.8291,0.1246,1.0,0.9021,0.9956,1.0,0.0
aptos_3c326543fff6,aptos_3c326543fff6.png,0.8091,Severe Flash Bleaching (Retinal Mean Intensity=145.2 > 140.0),0.8929,0.1756,1.0,0.7376,0.9518,0.9297,1.0
aptos_417f408ee8e0,aptos_417f408ee8e0.png,0.6635,Severe Underexposure (Retinal Mean Intensity=29.9 < 40.0),0.5655,0.0,0.5814,0.932,1.0,0.9172,1.0
aptos_41960d5f58c2,aptos_41960d5f58c2.png,0.782,"Severe Corneal Glare Artifacts (5 blobs, 0.60% saturation)",0.727,0.73,1.0,0.9122,0.9971,1.0,0.0
aptos_42a67337fa8e,aptos_42a67337fa8e.png,0.7543,Severe Underexposure (Retinal Mean Intensity=37.4 < 40.0),0.7141,0.0916,0.8817,0.9234,0.9984,0.8763,1.0
aptos_436fa3fd145a,aptos_436fa3fd145a.png,0.7378,Severe Underexposure (Retinal Mean Intensity=35.9 < 40.0),0.9325,0.1491,1.0,0.409,0.9451,0.4966,1.0
aptos_441848e0f308,aptos_441848e0f308.png,0.6652,"Severe Defocus Blur (NormLap=5.9 < 8.0, RawLap=9.15, Tenengrad=183.0)",0.2089,0.4901,0.8238,0.9213,0.9839,0.7614,1.0
aptos_4860f7813654,aptos_4860f7813654.png,0.7177,Severe Underexposure (Retinal Mean Intensity=35.3 < 40.0),0.5929,0.2061,0.6399,0.9288,0.9979,1.0,1.0
aptos_49e4b95ee2dc,aptos_49e4b95ee2dc.png,0.6876,Severe Underexposure (Retinal Mean Intensity=38.3 < 40.0),0.5699,0.2654,0.436,0.9312,0.9979,0.9707,1.0
aptos_4a05f81b3aba,aptos_4a05f81b3aba.png,0.7005,"Severe Defocus Blur (NormLap=5.6 < 8.0, RawLap=8.79, Tenengrad=295.6)",0.2861,0.5381,1.0,0.9184,0.9839,0.5887,1.0
aptos_4a693dd3921a,aptos_4a693dd3921a.png,0.7387,Severe Underexposure (Retinal Mean Intensity=33.5 < 40.0),0.6417,0.04,1.0,0.93,0.9999,0.7925,1.0
aptos_4a7dc013e802,aptos_4a7dc013e802.png,0.6137,Severe Underexposure (Retinal Mean Intensity=29.6 < 40.0),0.5601,0.0,0.4343,0.9323,1.0,0.6531,1.0
aptos_4b6895d0cf8d,aptos_4b6895d0cf8d.png,0.681,"Severe Defocus Blur (NormLap=5.3 < 8.0, RawLap=8.27, Tenengrad=244.5)",0.2555,0.4092,1.0,0.9218,0.984,0.66,1.0
aptos_4c60f6fcea75,aptos_4c60f6fcea75.png,0.6758,"Severe Defocus Blur (NormLap=4.2 < 8.0, RawLap=6.64, Tenengrad=145.6)",0.1721,0.494,1.0,0.9338,0.9839,0.677,1.0
aptos_4c6c5a1bf5ab,aptos_4c6c5a1bf5ab.png,0.7509,"Severe Defocus Blur (NormLap=7.6 < 8.0, RawLap=11.91, Tenengrad=436.0)",0.3486,0.6022,1.0,0.9032,0.9839,0.8549,1.0
aptos_4cddfc22b0ad,aptos_4cddfc22b0ad.png,0.7029,"Severe Defocus Blur (NormLap=5.8 < 8.0, RawLap=8.99, Tenengrad=234.5)",0.2488,0.4814,1.0,0.9201,0.9839,0.7887,1.0
aptos_4ce74e5eb51d,aptos_4ce74e5eb51d.png,0.7925,"Severe Defocus Blur (NormLap=35.6 < 8.0, RawLap=3.61, Tenengrad=48.5)",0.3662,0.8013,0.9048,0.9506,1.0,1.0,1.0
aptos_4dd7b322f342,aptos_4dd7b322f342.png,0.5782,Severe Sensor Saturation (Saturated Pixel Pct=1.73% > 1.5%); Severe Non-Uniform Illumination (Map CoV=0.681 > 0.52),0.6033,0.5751,0.5648,0.7055,0.9839,0.3222,0.0607
aptos_4e8585a96739,aptos_4e8585a96739.png,0.7451,"Severe Defocus Blur (NormLap=7.3 < 8.0, RawLap=11.46, Tenengrad=337.6)",0.3074,0.6076,1.0,0.9084,0.9839,0.8869,1.0
aptos_5056fa7d505f,aptos_5056fa7d505f.png,0.736,"Severe Defocus Blur (NormLap=5.6 < 8.0, RawLap=8.72, Tenengrad=294.4)",0.2854,0.6753,1.0,0.9237,0.984,0.7343,1.0
aptos_5078caaf1f57,aptos_5078caaf1f57.png,0.6907,"Severe Defocus Blur (NormLap=5.4 < 8.0, RawLap=8.43, Tenengrad=149.8)",0.1766,0.5289,0.9409,0.9272,0.984,0.8573,1.0
aptos_50d8249f7bc9,aptos_50d8249f7bc9.png,0.733,Severe Sensor Saturation (Saturated Pixel Pct=1.53% > 1.5%),0.8889,0.3603,1.0,0.7232,0.949,0.92,0.0
aptos_50d8a8fb7737,aptos_50d8a8fb7737.png,0.7667,Extreme Center/Edge Vignetting (Ratio=1.95 > 1.85),0.7065,0.4912,1.0,0.9253,0.9988,0.2408,1.0
aptos_51aa3361294c,aptos_51aa3361294c.png,0.7217,"Severe Defocus Blur (NormLap=6.0 < 8.0, RawLap=9.34, Tenengrad=269.5)",0.2712,0.5693,1.0,0.9174,0.9839,0.7916,1.0
aptos_51d0034d177d,aptos_51d0034d177d.png,0.6636,Severe Underexposure (Retinal Mean Intensity=33.1 < 40.0),0.5683,0.0,0.6095,0.9313,0.9995,0.8706,1.0
aptos_521b5377a727,aptos_521b5377a727.png,0.629,"Severe Defocus Blur (NormLap=4.2 < 8.0, RawLap=6.62, Tenengrad=178.9)",0.2052,0.39,1.0,0.9322,0.9839,0.2838,1.0
aptos_525d0dd8dc45,aptos_525d0dd8dc45.png,0.7146,"Severe Defocus Blur (NormLap=5.5 < 8.0, RawLap=8.61, Tenengrad=263.8)",0.2677,0.6459,1.0,0.9213,0.9839,0.6106,1.0
aptos_5264a54e1830,aptos_5264a54e1830.png,0.7269,"Severe Defocus Blur (NormLap=5.8 < 8.0, RawLap=9.07, Tenengrad=204.0)",0.2263,0.6806,1.0,0.9223,0.984,0.7834,1.0
aptos_537e5c578f40,aptos_537e5c578f40.png,0.7092,"Severe Defocus Blur (NormLap=7.0 < 8.0, RawLap=10.91, Tenengrad=248.8)",0.2583,0.5773,1.0,0.9126,0.9839,0.6917,1.0
aptos_5548a7961a3e,aptos_5548a7961a3e.png,0.6615,Severe Underexposure (Retinal Mean Intensity=31.4 < 40.0),0.5649,0.1288,0.386,0.9316,0.9996,1.0,1.0
aptos_58eb3809f456,aptos_58eb3809f456.png,0.7851,Severe Underexposure (Retinal Mean Intensity=39.4 < 40.0),0.9054,0.2874,0.9394,0.4477,0.9444,0.8825,1.0
aptos_59fee5bc3479,aptos_59fee5bc3479.png,0.7376,Severe Underexposure (Retinal Mean Intensity=35.2 < 40.0),0.5721,0.2048,0.9508,0.9304,0.9974,0.7856,1.0
aptos_5a27b9b2a9c1,aptos_5a27b9b2a9c1.png,0.7002,"Severe Defocus Blur (NormLap=7.1 < 8.0, RawLap=11.10, Tenengrad=353.9)",0.315,0.7104,1.0,0.9112,0.984,0.2621,1.0
aptos_5a93c0f783c4,aptos_5a93c0f783c4.png,0.6884,"Severe Defocus Blur (NormLap=5.8 < 8.0, RawLap=9.11, Tenengrad=328.6)",0.3031,0.38,1.0,0.9147,0.9839,0.6658,1.0
aptos_5b301a6d1ac7,aptos_5b301a6d1ac7.png,0.6324,Severe Underexposure (Retinal Mean Intensity=31.1 < 40.0),0.5589,0.0,0.4502,0.9326,0.9997,0.8194,1.0
aptos_5b804948e35f,aptos_5b804948e35f.png,0.6458,"Severe Defocus Blur (NormLap=6.2 < 8.0, RawLap=9.70, Tenengrad=199.5)",0.2227,0.4124,0.618,0.9158,0.9839,0.9643,1.0
aptos_5cab3ef4b31c,aptos_5cab3ef4b31c.png,0.7519,"Severe Peripheral Blackout & Gradient (Ratio=1.75 > 1.75, CoV=0.478 > 0.45)",0.7589,0.3684,1.0,0.9018,1.0,0.1672,1.0
aptos_5d3c8c1f57da,aptos_5d3c8c1f57da.png,0.6466,"Severe Defocus Blur (NormLap=4.4 < 8.0, RawLap=6.89, Tenengrad=199.7); Severe Underexposure (Retinal Mean Intensity=37.4 < 40.0)",0.2229,0.2488,0.9199,0.9272,0.9839,0.7525,1.0
aptos_5e97cb2b0888,aptos_5e97cb2b0888.png,0.7261,"Severe Defocus Blur (NormLap=5.3 < 8.0, RawLap=8.31, Tenengrad=236.5)",0.2501,0.6049,1.0,0.9228,0.9839,0.8294,1.0
aptos_5ead17e894ae,aptos_5ead17e894ae.png,0.7214,"Severe Defocus Blur (NormLap=5.4 < 8.0, RawLap=8.49, Tenengrad=230.9)",0.2463,0.535,0.9696,0.9238,0.9839,0.9412,1.0
aptos_5fcff7280019,aptos_5fcff7280019.png,0.7366,"Severe Defocus Blur (NormLap=7.9 < 8.0, RawLap=12.38, Tenengrad=439.0)",0.3497,0.6479,1.0,0.9024,0.984,0.6417,1.0
aptos_606daaf0bfc7,aptos_606daaf0bfc7.png,0.7578,"Severe Defocus Blur (NormLap=6.5 < 8.0, RawLap=10.09, Tenengrad=483.2)",0.3651,0.6448,1.0,0.9114,0.9839,0.8107,1.0
aptos_609be3ca5ddf,aptos_609be3ca5ddf.png,0.7027,"Severe Defocus Blur (NormLap=5.5 < 8.0, RawLap=8.62, Tenengrad=209.7)",0.2308,0.5619,1.0,0.9247,0.984,0.7069,1.0
aptos_66460ecab347,aptos_66460ecab347.png,0.7206,Severe Underexposure (Retinal Mean Intensity=37.1 < 40.0),0.9071,0.2427,0.6246,0.4301,0.9424,0.7941,1.0
aptos_684dd88a0d49,aptos_684dd88a0d49.png,0.6956,"Severe Defocus Blur (NormLap=5.8 < 8.0, RawLap=9.07, Tenengrad=176.0)",0.2025,0.5042,1.0,0.9225,0.9839,0.7945,1.0
aptos_6a244e855d0e,aptos_6a244e855d0e.png,0.6975,"Severe Defocus Blur (NormLap=25.4 < 8.0, RawLap=2.57, Tenengrad=114.6); Severe Flash Bleaching (Retinal Mean Intensity=154.5 > 140.0)",0.402,0.0087,1.0,0.9564,1.0,1.0,1.0
aptos_6b07971c3bf6,aptos_6b07971c3bf6.png,0.7076,"Severe Defocus Blur (NormLap=5.6 < 8.0, RawLap=8.68, Tenengrad=196.8)",0.2206,0.5497,1.0,0.9237,0.9839,0.8005,1.0
aptos_6bf26b777e3a,aptos_6bf26b777e3a.png,0.7,Severe Underexposure (Retinal Mean Intensity=38.4 < 40.0),0.6122,0.2436,0.4532,0.9275,0.998,1.0,1.0
aptos_6cb96a6fb029,aptos_6cb96a6fb029.png,0.7268,Severe Underexposure (Retinal Mean Intensity=37.5 < 40.0),0.915,0.1944,0.9285,0.3819,0.9413,0.5025,1.0
aptos_6ccfdb031184,aptos_6ccfdb031184.png,0.714,Severe Non-Uniform Illumination (Map CoV=0.697 > 0.52),0.4251,0.9685,0.6422,0.8436,0.9839,0.3419,1.0
aptos_6cee2e148520,aptos_6cee2e148520.png,0.7931,"Severe Corneal Glare Artifacts (7 blobs, 0.51% saturation)",0.6961,0.8621,1.0,0.9167,0.9936,0.912,0.0781
aptos_6e3526053de0,aptos_6e3526053de0.png,0.7033,"Severe Defocus Blur (NormLap=6.2 < 8.0, RawLap=9.76, Tenengrad=312.7)",0.2951,0.4824,1.0,0.9168,0.9839,0.6792,1.0
aptos_6f3b62e5b7f5,aptos_6f3b62e5b7f5.png,0.6909,"Severe Defocus Blur (NormLap=6.5 < 8.0, RawLap=10.23, Tenengrad=205.8)",0.2278,0.4921,0.8981,0.9143,0.9839,0.8641,1.0
aptos_6f4719c6bb4b,aptos_6f4719c6bb4b.png,0.7208,Severe Underexposure (Retinal Mean Intensity=33.5 < 40.0),0.5724,0.0,1.0,0.9306,0.9991,0.848,1.0
aptos_6fbaaf8eb67a,aptos_6fbaaf8eb67a.png,0.7257,"Severe Defocus Blur (NormLap=5.2 < 8.0, RawLap=8.17, Tenengrad=138.1)",0.1636,0.6887,1.0,0.9278,0.984,0.9113,1.0
aptos_6fe67482bfae,aptos_6fe67482bfae.png,0.7968,"Severe Defocus Blur (NormLap=39.2 < 8.0, RawLap=3.97, Tenengrad=69.3)",0.4467,0.6026,1.0,0.9477,1.0,1.0,1.0
aptos_70d0392397de,aptos_70d0392397de.png,0.6273,"Severe Defocus Blur (NormLap=22.0 < 8.0, RawLap=3.45, Tenengrad=35.7)",0.2279,0.3171,0.556,0.9527,0.9978,0.9442,1.0
aptos_7131bf4c9e6f,aptos_7131bf4c9e6f.png,0.7156,"Severe Defocus Blur (NormLap=6.0 < 8.0, RawLap=9.39, Tenengrad=194.5)",0.2187,0.5979,0.9902,0.92,0.9839,0.8313,1.0
aptos_7179f85bfd6f,aptos_7179f85bfd6f.png,0.7329,"Severe Defocus Blur (NormLap=6.0 < 8.0, RawLap=9.39, Tenengrad=352.3)",0.3143,0.6455,1.0,0.9182,0.984,0.6809,1.0
aptos_7214fc7cbe03,aptos_7214fc7cbe03.png,0.7884,Severe Underexposure (Retinal Mean Intensity=38.8 < 40.0),0.9297,0.276,0.9849,0.4702,0.9447,0.7815,1.0
aptos_7269a1d84a57,aptos_7269a1d84a57.png,0.7212,Severe Underexposure (Retinal Mean Intensity=35.9 < 40.0),0.9309,0.0,1.0,0.4672,0.9454,0.4994,1.0
aptos_726dff37edc0,aptos_726dff37edc0.png,0.7189,"Severe Defocus Blur (NormLap=5.6 < 8.0, RawLap=8.69, Tenengrad=276.5)",0.2753,0.5082,1.0,0.9176,0.9839,0.8454,1.0
aptos_72a867980067,aptos_72a867980067.png,0.6582,"Severe Defocus Blur (NormLap=7.4 < 8.0, RawLap=11.49, Tenengrad=202.0)",0.2248,0.4551,0.7396,0.9101,0.9839,0.842,1.0
aptos_7526cf435753,aptos_7526cf435753.png,0.7097,"Severe Defocus Blur (NormLap=7.2 < 8.0, RawLap=11.19, Tenengrad=273.8)",0.2737,0.4568,1.0,0.9107,0.984,0.8409,1.0
aptos_757572337fd0,aptos_757572337fd0.png,0.7786,"Severe Defocus Blur (NormLap=35.9 < 8.0, RawLap=3.64, Tenengrad=57.0)",0.3895,0.9906,0.5836,0.9505,1.0,1.0,1.0
aptos_76cab26493f1,aptos_76cab26493f1.png,0.6547,"Severe Defocus Blur (NormLap=5.2 < 8.0, RawLap=8.10, Tenengrad=129.4)",0.1531,0.4169,1.0,0.9288,0.9839,0.6341,1.0
aptos_76fe19ff64fb,aptos_76fe19ff64fb.png,0.7696,"Severe Defocus Blur (NormLap=37.1 < 8.0, RawLap=3.77, Tenengrad=64.4)",0.4194,0.4656,1.0,0.9495,1.0,1.0,1.0
aptos_77baa08a1345,aptos_77baa08a1345.png,0.5924,Severe Underexposure (Retinal Mean Intensity=27.4 < 40.0),0.5489,0.0,0.1121,0.9342,0.9992,0.9511,1.0
aptos_785777558f05,aptos_785777558f05.png,0.7088,"Severe Corneal Glare Artifacts (8 blobs, 0.94% saturation)",0.6994,0.6389,0.8615,0.918,0.9968,0.676,0.0
aptos_7b29e3783919,aptos_7b29e3783919.png,0.8657,Extreme Center/Edge Vignetting (Ratio=1.93 > 1.85),0.8781,0.9551,0.9189,0.7467,1.0,0.4042,1.0
aptos_7ba6b23c4b46,aptos_7ba6b23c4b46.png,0.7292,"Severe Defocus Blur (NormLap=6.3 < 8.0, RawLap=9.82, Tenengrad=397.5)",0.3337,0.633,1.0,0.9161,0.9839,0.6167,1.0
aptos_7eee3d1f1268,aptos_7eee3d1f1268.png,0.645,Severe Underexposure (Retinal Mean Intensity=31.2 < 40.0),0.5573,0.0,0.5784,0.9328,0.9639,0.8105,1.0
aptos_7ef5ff774a48,aptos_7ef5ff774a48.png,0.6357,"Severe Defocus Blur (NormLap=4.5 < 8.0, RawLap=7.10, Tenengrad=123.5)",0.1456,0.3851,0.8636,0.9313,0.984,0.7133,1.0
aptos_7f43becd3e83,aptos_7f43becd3e83.png,0.7031,"Severe Defocus Blur (NormLap=7.0 < 8.0, RawLap=10.98, Tenengrad=449.7)",0.3536,0.5856,1.0,0.9065,0.984,0.3861,1.0
aptos_807135cbc438,aptos_807135cbc438.png,0.6889,Severe Underexposure (Retinal Mean Intensity=36.3 < 40.0),0.5759,0.1278,0.6069,0.9301,0.9984,0.9199,1.0
aptos_80b5a9519aec,aptos_80b5a9519aec.png,0.7036,Severe Underexposure (Retinal Mean Intensity=36.5 < 40.0),0.5805,0.1741,0.6358,0.9294,0.9989,0.9418,1.0
aptos_837acf120946,aptos_837acf120946.png,0.7164,"Severe Defocus Blur (NormLap=6.5 < 8.0, RawLap=10.22, Tenengrad=460.4)",0.3574,0.6382,1.0,0.9104,0.9839,0.4269,1.0
aptos_840527bc6628,aptos_840527bc6628.png,0.7973,"Severe Defocus Blur (NormLap=37.6 < 8.0, RawLap=3.81, Tenengrad=54.1)",0.395,0.8574,0.8337,0.9492,1.0,1.0,1.0
aptos_84b472c49cfa,aptos_84b472c49cfa.png,0.6783,"Severe Defocus Blur (NormLap=4.7 < 8.0, RawLap=7.33, Tenengrad=178.9)",0.2052,0.4494,1.0,0.9294,0.9839,0.6907,1.0
aptos_84b88e8d3bca,aptos_84b88e8d3bca.png,0.7222,"Severe Defocus Blur (NormLap=6.9 < 8.0, RawLap=10.78, Tenengrad=266.7)",0.2695,0.589,1.0,0.9144,0.9839,0.7749,1.0
aptos_857002ed4e49,aptos_857002ed4e49.png,0.7973,"Severe Defocus Blur (NormLap=37.6 < 8.0, RawLap=3.81, Tenengrad=54.1)",0.395,0.8574,0.8337,0.9492,1.0,1.0,1.0
aptos_85fce24084da,aptos_85fce24084da.png,0.8054,"Severe Defocus Blur (NormLap=39.1 < 8.0, RawLap=3.96, Tenengrad=75.1)",0.4588,0.7918,0.8479,0.9476,1.0,1.0,1.0
aptos_8693ab1fd2be,aptos_8693ab1fd2be.png,0.6547,"Severe Defocus Blur (NormLap=5.8 < 8.0, RawLap=9.12, Tenengrad=193.2)",0.2176,0.4401,0.6612,0.918,0.9839,0.9571,1.0
aptos_87d46b1cc4e9,aptos_87d46b1cc4e9.png,0.6688,Severe Underexposure (Retinal Mean Intensity=34.8 < 40.0),0.9188,0.1266,0.5601,0.3578,0.9414,0.5914,1.0
aptos_89ee1fa16f90,aptos_89ee1fa16f90.png,0.7334,Severe Flash Bleaching (Retinal Mean Intensity=153.7 > 140.0),0.5482,0.0231,1.0,0.9285,1.0,1.0,1.0
aptos_8b8fe3fc8950,aptos_8b8fe3fc8950.png,0.7644,"Severe Defocus Blur (NormLap=7.9 < 8.0, RawLap=12.42, Tenengrad=329.7)",0.3036,0.71,1.0,0.9061,0.984,0.9378,1.0
aptos_8c84e96d9b01,aptos_8c84e96d9b01.png,0.6825,Severe Non-Uniform Illumination (Map CoV=0.552 > 0.52),0.6514,0.6704,0.6928,0.6822,0.984,0.2604,0.7331
aptos_8f318a978844,aptos_8f318a978844.png,0.5993,Severe Underexposure (Retinal Mean Intensity=39.7 < 40.0),0.1886,0.2941,0.4253,0.9421,1.0,1.0,1.0
aptos_8ffa608170d3,aptos_8ffa608170d3.png,0.7199,"Severe Defocus Blur (NormLap=6.7 < 8.0, RawLap=10.49, Tenengrad=246.5)",0.2568,0.7057,1.0,0.9155,0.984,0.6069,1.0
aptos_9033f1493da1,aptos_9033f1493da1.png,0.7903,"Severe Defocus Blur (NormLap=35.0 < 8.0, RawLap=3.54, Tenengrad=84.3)",0.4453,0.6316,0.9284,0.9502,1.0,1.0,1.0
aptos_9039cbfcbb2f,aptos_9039cbfcbb2f.png,0.6191,"Severe Defocus Blur (NormLap=5.3 < 8.0, RawLap=8.23, Tenengrad=158.5)",0.1857,0.4356,0.5029,0.9238,0.984,0.9187,1.0
aptos_9041eb43456e,aptos_9041eb43456e.png,0.7885,"Severe Defocus Blur (NormLap=36.4 < 8.0, RawLap=3.69, Tenengrad=111.2)",0.501,0.4555,1.0,0.9494,1.0,1.0,1.0
aptos_904b03ad5594,aptos_904b03ad5594.png,0.7183,Severe Underexposure (Retinal Mean Intensity=39.9 < 40.0),0.5774,0.2974,0.6077,0.93,0.9975,0.9559,1.0
aptos_905cc86bf100,aptos_905cc86bf100.png,0.8259,"Severe Defocus Blur (NormLap=39.4 < 8.0, RawLap=4.00, Tenengrad=104.0)",0.5137,0.6848,1.0,0.9474,1.0,1.0,1.0
aptos_90a9a41eec6d,aptos_90a9a41eec6d.png,0.7018,"Severe Defocus Blur (NormLap=5.4 < 8.0, RawLap=8.43, Tenengrad=224.9)",0.242,0.4535,1.0,0.9235,0.9839,0.8337,1.0
aptos_913490237ad4,aptos_913490237ad4.png,0.7737,"Severe Corneal Glare Artifacts (27 blobs, 0.87% saturation)",0.8749,0.7337,0.9099,0.9092,0.997,0.6799,0.0
aptos_91b7a4179ecf,aptos_91b7a4179ecf.png,0.6971,"Severe Defocus Blur (NormLap=6.9 < 8.0, RawLap=10.86, Tenengrad=351.4)",0.3139,0.4755,1.0,0.911,0.9839,0.5865,1.0
aptos_94f9ecf4b8d2,aptos_94f9ecf4b8d2.png,0.7336,"Severe Defocus Blur (NormLap=6.6 < 8.0, RawLap=10.30, Tenengrad=232.2)",0.2472,0.6787,1.0,0.9155,0.9839,0.809,1.0
aptos_97a235367f9d,aptos_97a235367f9d.png,0.7512,"Severe Defocus Blur (NormLap=7.9 < 8.0, RawLap=12.31, Tenengrad=383.9)",0.3281,0.6407,1.0,0.9041,0.9839,0.851,1.0
aptos_97bf61736b86,aptos_97bf61736b86.png,0.8208,"Severe Defocus Blur (NormLap=38.7 < 8.0, RawLap=3.92, Tenengrad=72.2)",0.4493,0.8167,0.9408,0.9485,1.0,1.0,1.0
aptos_99e8bf998285,aptos_99e8bf998285.png,0.7283,"Severe Defocus Blur (NormLap=37.1 < 8.0, RawLap=3.77, Tenengrad=44.0)",0.3786,0.932,0.3258,0.9494,1.0,1.0,1.0
aptos_9b70f84400af,aptos_9b70f84400af.png,0.7539,"Severe Defocus Blur (NormLap=6.7 < 8.0, RawLap=10.50, Tenengrad=447.6)",0.3528,0.7341,1.0,0.9142,0.984,0.6658,1.0
aptos_9eaac43744f5,aptos_9eaac43744f5.png,0.8098,"Severe Defocus Blur (NormLap=38.6 < 8.0, RawLap=3.92, Tenengrad=80.1)",0.4658,0.7252,0.9319,0.9475,1.0,1.0,1.0
aptos_9ed6c2b25767,aptos_9ed6c2b25767.png,0.6968,"Severe Defocus Blur (NormLap=5.2 < 8.0, RawLap=8.14, Tenengrad=267.6)",0.27,0.4797,1.0,0.9217,0.9839,0.6757,1.0
aptos_a015ce4f51ad,aptos_a015ce4f51ad.png,0.7837,"Severe Defocus Blur (NormLap=39.1 < 8.0, RawLap=3.96, Tenengrad=57.9)",0.4169,0.9861,0.5783,0.9482,1.0,1.0,1.0
aptos_a02dfd67a925,aptos_a02dfd67a925.png,0.7115,"Severe Defocus Blur (NormLap=7.4 < 8.0, RawLap=11.61, Tenengrad=277.2)",0.2757,0.6327,0.7729,0.9089,0.984,0.9323,1.0
aptos_a125377fb985,aptos_a125377fb985.png,0.7731,"Severe Defocus Blur (NormLap=38.7 < 8.0, RawLap=3.92, Tenengrad=71.2)",0.4472,0.4429,1.0,0.9482,1.0,1.0,1.0
aptos_a182b5b191de,aptos_a182b5b191de.png,0.8145,"Severe Defocus Blur (NormLap=38.4 < 8.0, RawLap=3.90, Tenengrad=100.0)",0.5,0.6312,1.0,0.9479,1.0,1.0,1.0
aptos_a1b28bcbce00,aptos_a1b28bcbce00.png,0.6843,"Severe Defocus Blur (NormLap=5.2 < 8.0, RawLap=8.12, Tenengrad=289.6)",0.2828,0.4706,1.0,0.9191,0.9839,0.5356,1.0
aptos_a1e236fbc863,aptos_a1e236fbc863.png,0.6642,"Severe Defocus Blur (NormLap=7.0 < 8.0, RawLap=10.93, Tenengrad=233.4)",0.248,0.4146,1.0,0.9138,0.9839,0.5101,1.0
aptos_a26f50218b84,aptos_a26f50218b84.png,0.682,"Severe Defocus Blur (NormLap=4.7 < 8.0, RawLap=7.31, Tenengrad=206.9)",0.2286,0.3933,1.0,0.9267,0.9839,0.7558,1.0
aptos_a3957df90a78,aptos_a3957df90a78.png,0.8015,"Severe Defocus Blur (NormLap=38.6 < 8.0, RawLap=3.91, Tenengrad=78.4)",0.4617,0.6085,1.0,0.9484,1.0,1.0,1.0
aptos_a3bd2e034614,aptos_a3bd2e034614.png,0.689,"Severe Defocus Blur (NormLap=19.5 < 8.0, RawLap=3.06, Tenengrad=31.5)",0.1932,0.3612,1.0,0.9562,0.9969,0.914,1.0
aptos_a45c30da0c72,aptos_a45c30da0c72.png,0.7168,"Severe Defocus Blur (NormLap=6.0 < 8.0, RawLap=9.44, Tenengrad=312.3)",0.2949,0.5921,1.0,0.9173,0.9839,0.6492,1.0
aptos_a77eb914b383,aptos_a77eb914b383.png,0.5783,Severe Sensor Saturation (Saturated Pixel Pct=1.57% > 1.5%); Severe Non-Uniform Illumination (Map CoV=0.615 > 0.52),0.6682,0.5145,0.642,0.5518,0.9839,0.35,0.0
aptos_a82a12ad3fb1,aptos_a82a12ad3fb1.png,0.7072,"Severe Defocus Blur (NormLap=4.8 < 8.0, RawLap=7.48, Tenengrad=220.9)",0.2392,0.5313,1.0,0.9281,0.9839,0.7736,1.0
aptos_a8b3c0961d42,aptos_a8b3c0961d42.png,0.687,"Severe Defocus Blur (NormLap=7.9 < 8.0, RawLap=12.27, Tenengrad=246.3)",0.2567,0.4289,0.9759,0.9086,0.9839,0.7364,1.0
aptos_aa31bc6b8f4d,aptos_aa31bc6b8f4d.png,0.8261,"Severe Defocus Blur (NormLap=35.1 < 8.0, RawLap=3.56, Tenengrad=90.8)",0.4583,0.776,1.0,0.9509,1.0,1.0,1.0
aptos_aa6242f9e08c,aptos_aa6242f9e08c.png,0.7972,Severe Flash Bleaching (Retinal Mean Intensity=140.8 > 140.0),0.8935,0.2559,1.0,0.7445,0.9517,0.9191,0.7633
aptos_af6a1508cd95,aptos_af6a1508cd95.png,0.7619,"Severe Corneal Glare Artifacts (5 blobs, 0.94% saturation)",0.7006,0.6855,1.0,0.9147,0.9958,0.9306,0.0
aptos_b085caa513a8,aptos_b085caa513a8.png,0.7105,"Severe Defocus Blur (NormLap=6.4 < 8.0, RawLap=9.97, Tenengrad=169.7)",0.1967,0.6279,1.0,0.9218,0.9839,0.7734,1.0
aptos_b55d2ddb3e75,aptos_b55d2ddb3e75.png,0.8093,"Severe Defocus Blur (NormLap=36.9 < 8.0, RawLap=3.75, Tenengrad=71.5)",0.4346,0.9431,0.7617,0.9497,1.0,1.0,1.0
aptos_b6304c545f95,aptos_b6304c545f95.png,0.6366,Severe Underexposure (Retinal Mean Intensity=29.3 < 40.0),0.5554,0.0,0.394,0.933,1.0,0.9537,1.0
aptos_b665041e1633,aptos_b665041e1633.png,0.7146,Severe Underexposure (Retinal Mean Intensity=35.3 < 40.0),0.573,0.207,0.6496,0.9306,0.9988,1.0,1.0
aptos_b67ae80f7eba,aptos_b67ae80f7eba.png,0.7026,"Severe Defocus Blur (NormLap=6.5 < 8.0, RawLap=10.16, Tenengrad=259.7)",0.2652,0.5136,1.0,0.916,0.9839,0.7009,1.0
aptos_b7e0f95353f2,aptos_b7e0f95353f2.png,0.7952,"Severe Defocus Blur (NormLap=35.8 < 8.0, RawLap=3.63, Tenengrad=67.7)",0.417,0.9363,0.7028,0.9505,1.0,1.0,1.0
aptos_b963a11638f2,aptos_b963a11638f2.png,0.5887,"Severe Defocus Blur (NormLap=4.8 < 8.0, RawLap=7.54, Tenengrad=119.8)",0.1407,0.3901,0.4293,0.9285,0.9839,0.9017,1.0
aptos_b99794a0beed,aptos_b99794a0beed.png,0.7675,"Severe Defocus Blur (NormLap=33.8 < 8.0, RawLap=3.42, Tenengrad=103.6)",0.4684,0.3686,1.0,0.9516,1.0,1.0,1.0
aptos_bb08949dd70a,aptos_bb08949dd70a.png,0.7146,"Severe Defocus Blur (NormLap=7.1 < 8.0, RawLap=11.13, Tenengrad=436.8)",0.3489,0.4798,1.0,0.9038,0.9839,0.6745,1.0
aptos_bc23f74e14dd,aptos_bc23f74e14dd.png,0.723,Severe Underexposure (Retinal Mean Intensity=35.5 < 40.0),0.5664,0.1834,0.808,0.9313,1.0,0.8961,1.0
aptos_bda8c973b09d,aptos_bda8c973b09d.png,0.7794,"Severe Defocus Blur (NormLap=35.8 < 8.0, RawLap=3.63, Tenengrad=49.8)",0.3682,0.8815,0.7338,0.9502,1.0,1.0,1.0
aptos_be521870a0ea,aptos_be521870a0ea.png,0.6913,"Severe Defocus Blur (NormLap=5.7 < 8.0, RawLap=8.92, Tenengrad=208.4)",0.2298,0.5458,1.0,0.9206,0.9839,0.6238,1.0
aptos_beeca5f14618,aptos_beeca5f14618.png,0.7118,"Severe Defocus Blur (NormLap=6.3 < 8.0, RawLap=9.79, Tenengrad=348.6)",0.3126,0.5482,1.0,0.9128,0.9839,0.6252,1.0
aptos_bfe467b7e997,aptos_bfe467b7e997.png,0.7868,"Severe Defocus Blur (NormLap=37.4 < 8.0, RawLap=3.79, Tenengrad=62.6)",0.4165,0.943,0.6423,0.9493,1.0,1.0,1.0
aptos_c613db1cab27,aptos_c613db1cab27.png,0.7873,"Severe Defocus Blur (NormLap=38.5 < 8.0, RawLap=3.91, Tenengrad=54.9)",0.4043,0.995,0.6138,0.9487,1.0,1.0,1.0
aptos_c68dfa021d62,aptos_c68dfa021d62.png,0.7925,"Severe Defocus Blur (NormLap=35.6 < 8.0, RawLap=3.61, Tenengrad=48.5)",0.3662,0.8013,0.9048,0.9506,1.0,1.0,1.0
aptos_c7c0470bcf87,aptos_c7c0470bcf87.png,0.6448,Severe Non-Uniform Illumination (Map CoV=0.547 > 0.52),0.6059,0.1539,0.9644,0.9249,0.9981,0.35,0.4843
aptos_ca9c912ebad7,aptos_ca9c912ebad7.png,0.7499,"Severe Defocus Blur (NormLap=35.3 < 8.0, RawLap=3.58, Tenengrad=46.1)",0.3643,0.9987,0.4261,0.9508,1.0,1.0,1.0
aptos_cae51154e1ce,aptos_cae51154e1ce.png,0.6767,Severe Underexposure (Retinal Mean Intensity=39.1 < 40.0),0.6272,0.2821,0.2396,0.9168,1.0,1.0,1.0
aptos_cb75210abebe,aptos_cb75210abebe.png,0.7844,"Severe Defocus Blur (NormLap=38.3 < 8.0, RawLap=3.89, Tenengrad=93.7)",0.4889,0.4488,1.0,0.9484,1.0,1.0,1.0
aptos_ccd6dcb2f568,aptos_ccd6dcb2f568.png,0.7487,Severe Underexposure (Retinal Mean Intensity=34.9 < 40.0),0.9354,0.1327,1.0,0.4278,0.9435,0.606,1.0
aptos_cd29c88c9e36,aptos_cd29c88c9e36.png,0.7252,"Severe Defocus Blur (NormLap=32.4 < 8.0, RawLap=3.28, Tenengrad=75.5); Severe Flash Bleaching (Retinal Mean Intensity=141.5 > 140.0)",0.4054,0.2435,0.9479,0.9519,1.0,1.0,1.0
aptos_cd563556cb57,aptos_cd563556cb57.png,0.7254,"Severe Defocus Blur (NormLap=7.0 < 8.0, RawLap=10.96, Tenengrad=388.6)",0.3301,0.5049,1.0,0.9084,0.9839,0.7877,1.0
aptos_cfd1bd0fcbb4,aptos_cfd1bd0fcbb4.png,0.6733,"Severe Defocus Blur (NormLap=5.0 < 8.0, RawLap=7.87, Tenengrad=238.8)",0.2517,0.3923,1.0,0.9261,0.984,0.6129,1.0
aptos_cfdbaef73a8b,aptos_cfdbaef73a8b.png,0.7396,"Severe Defocus Blur (NormLap=6.8 < 8.0, RawLap=10.70, Tenengrad=441.2)",0.3505,0.6259,1.0,0.9083,0.984,0.6965,1.0
aptos_d160ebef4117,aptos_d160ebef4117.png,0.7116,"Severe Defocus Blur (NormLap=6.0 < 8.0, RawLap=9.42, Tenengrad=206.3)",0.2282,0.5928,1.0,0.9223,0.984,0.7585,1.0
aptos_d25b8a8ad3c4,aptos_d25b8a8ad3c4.png,0.6442,Severe Underexposure (Retinal Mean Intensity=35.8 < 40.0),0.5722,0.2168,0.178,0.9307,0.999,0.9902,1.0
aptos_d2ffe9287dc7,aptos_d2ffe9287dc7.png,0.8475,"Severe Defocus Blur (NormLap=38.8 < 8.0, RawLap=3.93, Tenengrad=67.1)",0.4385,0.9838,0.9701,0.9484,1.0,1.0,1.0
aptos_d4583e9525dc,aptos_d4583e9525dc.png,0.6565,Severe Underexposure (Retinal Mean Intensity=31.4 < 40.0),0.9194,0.0,0.4688,0.3512,0.9424,0.798,1.0
aptos_d6130f2ec903,aptos_d6130f2ec903.png,0.7145,"Severe Defocus Blur (NormLap=6.7 < 8.0, RawLap=10.51, Tenengrad=269.5)",0.2711,0.451,1.0,0.9111,0.9839,0.9041,1.0
aptos_d66b6f333dc7,aptos_d66b6f333dc7.png,0.8236,"Severe Defocus Blur (NormLap=35.4 < 8.0, RawLap=3.59, Tenengrad=63.2)",0.4026,0.9711,0.8812,0.9509,1.0,1.0,1.0
aptos_d83d0695e215,aptos_d83d0695e215.png,0.7987,"Severe Defocus Blur (NormLap=39.3 < 8.0, RawLap=3.98, Tenengrad=53.7)",0.4063,0.8403,0.8419,0.9479,1.0,1.0,1.0
aptos_d8404680bba6,aptos_d8404680bba6.png,0.6818,Severe Non-Uniform Illumination (Map CoV=0.540 > 0.52),0.6513,0.5495,0.8485,0.9217,0.998,0.35,0.3237
aptos_d844a7252f4e,aptos_d844a7252f4e.png,0.7608,"Severe Defocus Blur (NormLap=37.7 < 8.0, RawLap=3.82, Tenengrad=92.9)",0.4826,0.3019,1.0,0.9486,1.0,1.0,1.0
aptos_d91635f380b4,aptos_d91635f380b4.png,0.6666,Severe Underexposure (Retinal Mean Intensity=37.6 < 40.0),0.8958,0.251,0.1294,0.4743,0.9424,0.9676,1.0
aptos_daad7b617f21,aptos_daad7b617f21.png,0.7431,"Severe Defocus Blur (NormLap=7.0 < 8.0, RawLap=10.94, Tenengrad=215.8)",0.2354,0.676,1.0,0.9142,0.9839,0.9382,1.0
aptos_dcc6c0ad5cad,aptos_dcc6c0ad5cad.png,0.6466,"Severe Defocus Blur (NormLap=22.0 < 8.0, RawLap=3.45, Tenengrad=32.4)",0.2278,0.3742,0.59,0.9532,0.9983,1.0,1.0
aptos_dd110d2b8c21,aptos_dd110d2b8c21.png,0.8002,"Severe Defocus Blur (NormLap=32.6 < 8.0, RawLap=3.30, Tenengrad=112.1)",0.4706,0.5821,1.0,0.9521,1.0,1.0,1.0
aptos_dd3176bacfe2,aptos_dd3176bacfe2.png,0.6921,"Severe Defocus Blur (NormLap=4.6 < 8.0, RawLap=7.16, Tenengrad=220.2)",0.2387,0.5909,1.0,0.931,0.984,0.5306,1.0
aptos_df84e7113003,aptos_df84e7113003.png,0.8106,"Severe Defocus Blur (NormLap=36.0 < 8.0, RawLap=3.65, Tenengrad=55.7)",0.3873,0.9384,0.8527,0.9506,1.0,1.0,1.0
aptos_dfea19863428,aptos_dfea19863428.png,0.7022,"Severe Defocus Blur (NormLap=6.4 < 8.0, RawLap=10.03, Tenengrad=221.7)",0.2397,0.4828,1.0,0.9183,0.984,0.8041,1.0
aptos_e03a74e7d74f,aptos_e03a74e7d74f.png,0.7835,Severe Underexposure (Retinal Mean Intensity=39.6 < 40.0),0.9091,0.2928,1.0,0.4154,0.9452,0.7903,1.0
aptos_e1418d28d668,aptos_e1418d28d668.png,0.625,Severe Underexposure (Retinal Mean Intensity=31.6 < 40.0),0.5644,0.0714,0.2017,0.9319,0.9985,1.0,1.0
aptos_e251bdf05b85,aptos_e251bdf05b85.png,0.6525,"Severe Defocus Blur (NormLap=7.0 < 8.0, RawLap=10.95, Tenengrad=204.2)",0.2265,0.4522,1.0,0.9161,0.9839,0.3891,1.0
aptos_e25ccfe38e44,aptos_e25ccfe38e44.png,0.6878,"Severe Defocus Blur (NormLap=6.4 < 8.0, RawLap=10.06, Tenengrad=264.8)",0.2683,0.4669,1.0,0.9173,0.9839,0.6134,1.0
aptos_e26d8718ca58,aptos_e26d8718ca58.png,0.6766,"Severe Defocus Blur (NormLap=7.4 < 8.0, RawLap=11.58, Tenengrad=314.3)",0.2959,0.4398,1.0,0.9106,0.9839,0.4796,1.0
aptos_e2ec22b3d07e,aptos_e2ec22b3d07e.png,0.6856,"Severe Defocus Blur (NormLap=7.1 < 8.0, RawLap=11.13, Tenengrad=326.3)",0.302,0.4419,1.0,0.9104,0.9839,0.5515,1.0
aptos_e30a890600e1,aptos_e30a890600e1.png,0.7156,"Severe Defocus Blur (NormLap=5.7 < 8.0, RawLap=8.94, Tenengrad=285.9)",0.2807,0.5209,1.0,0.9177,0.984,0.7791,1.0
aptos_e5197d77ec68,aptos_e5197d77ec68.png,0.7341,"Severe Defocus Blur (NormLap=6.1 < 8.0, RawLap=9.49, Tenengrad=378.4)",0.3258,0.679,1.0,0.9179,0.9839,0.6138,1.0
aptos_e5de79795c1d,aptos_e5de79795c1d.png,0.6838,"Severe Defocus Blur (NormLap=7.7 < 8.0, RawLap=12.11, Tenengrad=387.7)",0.3297,0.4887,1.0,0.9025,0.9839,0.402,1.0
aptos_e68746d426b2,aptos_e68746d426b2.png,0.7129,"Severe Defocus Blur (NormLap=6.9 < 8.0, RawLap=10.84, Tenengrad=420.0)",0.3426,0.5741,1.0,0.9073,0.984,0.5276,1.0
aptos_e821c1b6417a,aptos_e821c1b6417a.png,0.6331,Severe Underexposure (Retinal Mean Intensity=31.1 < 40.0),0.562,0.0,0.4555,0.9323,0.9997,0.8104,1.0
aptos_e9faf0296643,aptos_e9faf0296643.png,0.7233,"Severe Corneal Glare Artifacts (7 blobs, 1.00% saturation)",0.8496,0.6759,0.7735,0.9051,0.9872,0.5486,0.0
aptos_ea6a53e54d0f,aptos_ea6a53e54d0f.png,0.7057,"Severe Defocus Blur (NormLap=7.4 < 8.0, RawLap=11.54, Tenengrad=460.5)",0.3574,0.514,1.0,0.9049,0.9839,0.5121,1.0
aptos_eabc7c716255,aptos_eabc7c716255.png,0.7095,"Severe Defocus Blur (NormLap=4.1 < 8.0, RawLap=6.42, Tenengrad=177.2)",0.2037,0.5417,1.0,0.9322,0.9839,0.8646,1.0
aptos_eb175669d789,aptos_eb175669d789.png,0.6872,"Severe Defocus Blur (NormLap=6.2 < 8.0, RawLap=9.67, Tenengrad=250.9)",0.2596,0.4851,1.0,0.9186,0.9839,0.6009,1.0
aptos_ed2ef440d22c,aptos_ed2ef440d22c.png,0.6515,"Severe Defocus Blur (NormLap=7.0 < 8.0, RawLap=10.90, Tenengrad=149.2)",0.176,0.4939,0.8011,0.9157,0.984,0.7408,1.0
aptos_ed648b9bcd95,aptos_ed648b9bcd95.png,0.6368,"Severe Defocus Blur (NormLap=6.6 < 8.0, RawLap=10.38, Tenengrad=184.8)",0.2104,0.4963,0.5073,0.9173,0.984,0.9435,1.0
aptos_f233638e0e90,aptos_f233638e0e90.png,0.682,"Severe Defocus Blur (NormLap=6.4 < 8.0, RawLap=9.99, Tenengrad=234.7)",0.2489,0.456,1.0,0.9184,0.9839,0.619,1.0
aptos_f2ee81781411,aptos_f2ee81781411.png,0.7654,"Severe Defocus Blur (NormLap=37.5 < 8.0, RawLap=3.80, Tenengrad=65.4)",0.4244,0.4297,1.0,0.9487,1.0,1.0,1.0
aptos_f580566e27f5,aptos_f580566e27f5.png,0.7116,"Severe Defocus Blur (NormLap=6.6 < 8.0, RawLap=10.38, Tenengrad=307.3)",0.2923,0.5938,1.0,0.9153,0.984,0.6037,1.0
aptos_f583a722434c,aptos_f583a722434c.png,0.6874,Severe Underexposure (Retinal Mean Intensity=38.4 < 40.0),0.5759,0.0,1.0,0.9302,0.9991,0.5058,1.0
aptos_f8372e80f731,aptos_f8372e80f731.png,0.8139,"Severe Defocus Blur (NormLap=34.2 < 8.0, RawLap=3.47, Tenengrad=91.3)",0.4517,0.7055,1.0,0.9514,1.0,1.0,1.0
aptos_f8d62557ad0c,aptos_f8d62557ad0c.png,0.7066,"Severe Defocus Blur (NormLap=6.0 < 8.0, RawLap=9.34, Tenengrad=179.7)",0.2059,0.587,0.8853,0.9201,0.9839,0.9462,1.0
aptos_f8f5942b690e,aptos_f8f5942b690e.png,0.7325,"Severe Defocus Blur (NormLap=7.3 < 8.0, RawLap=11.38, Tenengrad=243.1)",0.2546,0.7131,1.0,0.9121,0.984,0.7311,1.0
aptos_fb767cea406c,aptos_fb767cea406c.png,0.5874,"Severe Defocus Blur (NormLap=4.9 < 8.0, RawLap=7.63, Tenengrad=103.7)",0.1175,0.41,0.4178,0.9281,0.9839,0.9345,1.0
aptos_fc4d69128e7c,aptos_fc4d69128e7c.png,0.797,Severe Non-Uniform Illumination (Map CoV=0.529 > 0.52),0.7686,0.6438,0.8794,0.9146,0.9993,0.35,1.0
aptos_fe3b0e50be78,aptos_fe3b0e50be78.png,0.6615,"Severe Defocus Blur (NormLap=6.1 < 8.0, RawLap=9.56, Tenengrad=315.9)",0.2967,0.4334,1.0,0.9167,0.9839,0.3309,1.0
aptos_ffec9a18a3ce,aptos_ffec9a18a3ce.png,0.6907,Severe Underexposure (Retinal Mean Intensity=32.3 < 40.0),0.5567,0.0,0.7557,0.9326,1.0,0.949,1.0
test_IDRiD_001,test_IDRiD_001.jpg,0.7011,Severe Underexposure (Retinal Mean Intensity=39.7 < 40.0),0.707,0.2946,0.2532,0.9222,1.0,1.0,1.0
test_IDRiD_083,test_IDRiD_083.jpg,0.7596,Excessive Darkness (Dark Pixel Pct=20.3% > 18.0%),0.8014,0.5616,0.7532,0.9064,0.9621,0.271,1.0
train_IDRiD_030,train_IDRiD_030.jpg,0.736,Severe Underexposure (Retinal Mean Intensity=39.7 < 40.0),0.7615,0.2945,0.404,0.9088,1.0,1.0,1.0
train_IDRiD_184,train_IDRiD_184.jpg,0.8223,Severe Non-Uniform Illumination (Map CoV=0.640 > 0.52),0.8967,0.8542,0.7646,0.7575,1.0,0.295,1.0
train_IDRiD_274,train_IDRiD_274.jpg,0.7537,Severe Underexposure (Retinal Mean Intensity=35.7 < 40.0),0.8098,0.1878,0.9661,0.8861,1.0,0.395,1.0
