image_id,filename,original_score,operations,post_status,post_score,score_delta,degradation_detected,degradation_reasons,final_status,final_directive
aptos_026dcd9af143,aptos_026dcd9af143.png,0.6777,bilateral_denoising; gamma_correction; CLAHE,NON-CRITICAL,0.9117,0.234,False,None,NON-CRITICAL,OK TO GO
aptos_05113073b268,aptos_05113073b268.png,0.7123,bilateral_denoising; illumination_normalization; gamma_correction,NON-CRITICAL,0.8852,0.1729,False,None,NON-CRITICAL,OK TO GO
aptos_052d9a3fe55a,aptos_052d9a3fe55a.png,0.7733,illumination_normalization; gamma_correction; unsharp_masking,NON-CRITICAL,0.7675,-0.0058,False,None,NON-CRITICAL,OK TO GO
aptos_07122e268a1d,aptos_07122e268a1d.png,0.8159,CLAHE,NON-CRITICAL,0.9513,0.1354,False,None,NON-CRITICAL,OK TO GO
aptos_0924cec998fa,aptos_0924cec998fa.png,0.804,bilateral_denoising; glare_attenuation,BORDERLINE,0.7577,-0.0463,False,None,BORDERLINE,ENHANCEMENT
aptos_09935d72892b,aptos_09935d72892b.png,0.7428,illumination_normalization; gamma_correction,NON-CRITICAL,0.8275,0.0847,False,None,NON-CRITICAL,OK TO GO
aptos_0d8f60ed9280,aptos_0d8f60ed9280.png,0.7789,bilateral_denoising; illumination_normalization; gamma_correction,NON-CRITICAL,0.8078,0.0289,False,None,NON-CRITICAL,OK TO GO
aptos_0da632ca45e0,aptos_0da632ca45e0.png,0.7941,bilateral_denoising; illumination_normalization; gamma_correction; CLAHE,BORDERLINE,0.8729,0.0788,True,"Dimension noise dropped below non-critical threshold (0.522 -> 0.000, delta=-0.522)",CRITICAL,RECAPTURE
aptos_0fcfc6301f3d,aptos_0fcfc6301f3d.png,0.7995,CLAHE,NON-CRITICAL,0.9468,0.1473,False,None,NON-CRITICAL,OK TO GO
aptos_0fffa73e2402,aptos_0fffa73e2402.png,0.7335,bilateral_denoising; gamma_correction; CLAHE,NON-CRITICAL,0.9504,0.2169,False,None,NON-CRITICAL,OK TO GO
aptos_10fca1abf338,aptos_10fca1abf338.png,0.7979,illumination_normalization,NON-CRITICAL,0.7901,-0.0078,False,None,NON-CRITICAL,OK TO GO
aptos_14c3b41d289c,aptos_14c3b41d289c.png,0.7096,bilateral_denoising; illumination_normalization,NON-CRITICAL,0.8675,0.1579,False,None,NON-CRITICAL,OK TO GO
aptos_14ee87d6cc42,aptos_14ee87d6cc42.png,0.7847,CLAHE,NON-CRITICAL,0.8684,0.0837,False,None,NON-CRITICAL,OK TO GO
aptos_1594ca6c30d3,aptos_1594ca6c30d3.png,0.8032,illumination_normalization,NON-CRITICAL,0.7974,-0.0058,True,"Severe degradation in contrast (1.000 -> 0.493, delta=-0.507)",CRITICAL,RECAPTURE
aptos_15cc2aef772a,aptos_15cc2aef772a.png,0.8162,illumination_normalization,NON-CRITICAL,0.9557,0.1395,False,None,NON-CRITICAL,OK TO GO
aptos_17d997fe1090,aptos_17d997fe1090.png,0.7303,illumination_normalization; gamma_correction; unsharp_masking,NON-CRITICAL,0.8397,0.1094,False,None,NON-CRITICAL,OK TO GO
aptos_1891698febce,aptos_1891698febce.png,0.7344,gamma_correction; glare_attenuation,BORDERLINE,0.7471,0.0127,False,None,BORDERLINE,ENHANCEMENT
aptos_18ce0cdc473d,aptos_18ce0cdc473d.png,0.7466,bilateral_denoising,BORDERLINE,0.7048,-0.0418,True,"Severe degradation in focus (0.704 -> 0.346, delta=-0.359)",CRITICAL,RECAPTURE
aptos_19ef4d292196,aptos_19ef4d292196.png,0.8276,CLAHE,NON-CRITICAL,0.9372,0.1096,False,None,NON-CRITICAL,OK TO GO
aptos_1a19f2ef4472,aptos_1a19f2ef4472.png,0.7408,bilateral_denoising; illumination_normalization; gamma_correction,NON-CRITICAL,0.881,0.1402,False,None,NON-CRITICAL,OK TO GO
aptos_1e036f2e7095,aptos_1e036f2e7095.png,0.7265,bilateral_denoising; gamma_correction; CLAHE; unsharp_masking,NON-CRITICAL,0.9305,0.204,False,None,NON-CRITICAL,OK TO GO
aptos_1ec95179cdfe,aptos_1ec95179cdfe.png,0.7505,illumination_normalization; gamma_correction,NON-CRITICAL,0.8169,0.0664,False,None,NON-CRITICAL,OK TO GO
aptos_1efa5d443707,aptos_1efa5d443707.png,0.8155,CLAHE,NON-CRITICAL,0.9382,0.1227,False,None,NON-CRITICAL,OK TO GO
aptos_215d2b7c3fde,aptos_215d2b7c3fde.png,0.6721,illumination_normalization; gamma_correction,NON-CRITICAL,0.7709,0.0988,False,None,NON-CRITICAL,OK TO GO
aptos_218c822a3dd9,aptos_218c822a3dd9.png,0.8169,bilateral_denoising; glare_attenuation,BORDERLINE,0.785,-0.0319,True,"Severe degradation in focus (0.775 -> 0.456, delta=-0.319)",CRITICAL,RECAPTURE
aptos_2209daf71aab,aptos_2209daf71aab.png,0.7482,bilateral_denoising; unsharp_masking,BORDERLINE,0.7534,0.0052,False,None,BORDERLINE,ENHANCEMENT
aptos_22ce8ef69357,aptos_22ce8ef69357.png,0.7571,bilateral_denoising; glare_attenuation,BORDERLINE,0.7185,-0.0386,True,"Severe degradation in focus (0.729 -> 0.381, delta=-0.347)",CRITICAL,RECAPTURE
aptos_234399352d36,aptos_234399352d36.png,0.8299,CLAHE,NON-CRITICAL,0.94,0.1101,False,None,NON-CRITICAL,OK TO GO
aptos_247e98aba610,aptos_247e98aba610.png,0.7459,bilateral_denoising; gamma_correction; CLAHE,NON-CRITICAL,0.9415,0.1956,False,None,NON-CRITICAL,OK TO GO
aptos_24f271c87e73,aptos_24f271c87e73.png,0.7823,bilateral_denoising,BORDERLINE,0.7424,-0.0399,True,"Severe degradation in focus (0.724 -> 0.373, delta=-0.351)",CRITICAL,RECAPTURE
aptos_26453eb7e989,aptos_26453eb7e989.png,0.6422,bilateral_denoising; gamma_correction; glare_attenuation; unsharp_masking,BORDERLINE,0.7091,0.0669,False,None,BORDERLINE,ENHANCEMENT
aptos_2f143453bb71,aptos_2f143453bb71.png,0.7125,bilateral_denoising; illumination_normalization; gamma_correction,NON-CRITICAL,0.8864,0.1739,False,None,NON-CRITICAL,OK TO GO
aptos_2f81ee5f2926,aptos_2f81ee5f2926.png,0.7728,bilateral_denoising,BORDERLINE,0.7843,0.0115,False,None,BORDERLINE,ENHANCEMENT
aptos_30263a7d5609,aptos_30263a7d5609.png,0.7476,gamma_correction; CLAHE; unsharp_masking,BORDERLINE,0.8707,0.1231,True,"Dimension noise dropped below non-critical threshold (1.000 -> 0.000, delta=-1.000)",CRITICAL,RECAPTURE
aptos_31cb39681f6a,aptos_31cb39681f6a.png,0.7937,illumination_normalization,NON-CRITICAL,0.7716,-0.0221,False,None,NON-CRITICAL,OK TO GO
aptos_3428230bf1bd,aptos_3428230bf1bd.png,0.8217,CLAHE,NON-CRITICAL,0.9458,0.1241,False,None,NON-CRITICAL,OK TO GO
aptos_35777eb7859d,aptos_35777eb7859d.png,0.8045,bilateral_denoising,BORDERLINE,0.764,-0.0405,True,"Severe degradation in focus (0.705 -> 0.351, delta=-0.353)",CRITICAL,RECAPTURE
aptos_3732de8b416f,aptos_3732de8b416f.png,0.7572,bilateral_denoising; glare_attenuation,BORDERLINE,0.7189,-0.0383,True,"Severe degradation in focus (0.735 -> 0.390, delta=-0.345)",CRITICAL,RECAPTURE
aptos_38e111cac46f,aptos_38e111cac46f.png,0.7979,gamma_correction; CLAHE,NON-CRITICAL,0.9472,0.1493,False,None,NON-CRITICAL,OK TO GO
aptos_3a6e9730b298,aptos_3a6e9730b298.png,0.7256,illumination_normalization; gamma_correction; unsharp_masking,NON-CRITICAL,0.8258,0.1002,False,None,NON-CRITICAL,OK TO GO
aptos_3d663a6a50a3,aptos_3d663a6a50a3.png,0.7951,illumination_normalization,NON-CRITICAL,0.7755,-0.0196,True,"Severe degradation in contrast (1.000 -> 0.494, delta=-0.506)",CRITICAL,RECAPTURE
aptos_3f3de2a6b0f5,aptos_3f3de2a6b0f5.png,0.7578,illumination_normalization; unsharp_masking,NON-CRITICAL,0.8659,0.1081,False,None,NON-CRITICAL,OK TO GO
aptos_4158c340fa49,aptos_4158c340fa49.png,0.7133,gamma_correction,NON-CRITICAL,0.8171,0.1038,False,None,NON-CRITICAL,OK TO GO
aptos_43e9c66eb0f3,aptos_43e9c66eb0f3.png,0.7923,bilateral_denoising,BORDERLINE,0.7535,-0.0388,True,"Severe degradation in focus (0.730 -> 0.384, delta=-0.346)",CRITICAL,RECAPTURE
aptos_453a1e2754b2,aptos_453a1e2754b2.png,0.7798,CLAHE,NON-CRITICAL,0.858,0.0782,False,None,NON-CRITICAL,OK TO GO
aptos_486e852a3b4d,aptos_486e852a3b4d.png,0.7435,illumination_normalization; gamma_correction,NON-CRITICAL,0.7803,0.0368,False,None,NON-CRITICAL,OK TO GO
aptos_4d17559ac1e2,aptos_4d17559ac1e2.png,0.7374,bilateral_denoising; illumination_normalization; gamma_correction,NON-CRITICAL,0.8974,0.16,False,None,NON-CRITICAL,OK TO GO
aptos_4e6071b73120,aptos_4e6071b73120.png,0.7519,gamma_correction; CLAHE,NON-CRITICAL,0.9464,0.1945,False,None,NON-CRITICAL,OK TO GO
aptos_4ed31cc07366,aptos_4ed31cc07366.png,0.8002,gamma_correction; unsharp_masking,NON-CRITICAL,0.8325,0.0323,False,None,NON-CRITICAL,OK TO GO
aptos_50915e2329a1,aptos_50915e2329a1.png,0.8134,bilateral_denoising; gamma_correction,NON-CRITICAL,0.8229,0.0095,False,None,NON-CRITICAL,OK TO GO
aptos_51d574513bcb,aptos_51d574513bcb.png,0.8147,illumination_normalization,NON-CRITICAL,0.7716,-0.0431,True,"Severe degradation in contrast (1.000 -> 0.418, delta=-0.582)",CRITICAL,RECAPTURE
aptos_541db13517e2,aptos_541db13517e2.png,0.7014,illumination_normalization; gamma_correction,NON-CRITICAL,0.8345,0.1331,False,None,NON-CRITICAL,OK TO GO
aptos_58b866484a05,aptos_58b866484a05.png,0.7719,gamma_correction,NON-CRITICAL,0.8482,0.0763,False,None,NON-CRITICAL,OK TO GO
aptos_5905a9b06a73,aptos_5905a9b06a73.png,0.7086,bilateral_denoising; illumination_normalization; gamma_correction,NON-CRITICAL,0.8877,0.1791,False,None,NON-CRITICAL,OK TO GO
aptos_5a179c123fd8,aptos_5a179c123fd8.png,0.6386,illumination_normalization; gamma_correction,NON-CRITICAL,0.8488,0.2102,False,None,NON-CRITICAL,OK TO GO
aptos_5b0e53f53ef3,aptos_5b0e53f53ef3.png,0.7492,bilateral_denoising; gamma_correction; CLAHE,NON-CRITICAL,0.9505,0.2013,False,None,NON-CRITICAL,OK TO GO
aptos_5baed382f062,aptos_5baed382f062.png,0.8013,CLAHE,NON-CRITICAL,0.9074,0.1061,False,None,NON-CRITICAL,OK TO GO
aptos_5d74f98d62be,aptos_5d74f98d62be.png,0.8005,illumination_normalization,NON-CRITICAL,0.8001,-0.0004,False,None,NON-CRITICAL,OK TO GO
aptos_5f13e8a07344,aptos_5f13e8a07344.png,0.7377,bilateral_denoising; CLAHE,NON-CRITICAL,0.8304,0.0927,False,None,NON-CRITICAL,OK TO GO
aptos_663a923d5398,aptos_663a923d5398.png,0.738,bilateral_denoising; gamma_correction; unsharp_masking,BORDERLINE,0.7951,0.0571,False,None,BORDERLINE,ENHANCEMENT
aptos_668e853258cd,aptos_668e853258cd.png,0.7515,illumination_normalization; gamma_correction; unsharp_masking,NON-CRITICAL,0.8012,0.0497,False,None,NON-CRITICAL,OK TO GO
aptos_682312e82ee3,aptos_682312e82ee3.png,0.7302,bilateral_denoising; illumination_normalization,NON-CRITICAL,0.869,0.1388,False,None,NON-CRITICAL,OK TO GO
aptos_6987804eb464,aptos_6987804eb464.png,0.7527,gamma_correction,NON-CRITICAL,0.8102,0.0575,False,None,NON-CRITICAL,OK TO GO
aptos_6c4ec95dd8ba,aptos_6c4ec95dd8ba.png,0.7434,illumination_normalization; gamma_correction; CLAHE; unsharp_masking,BORDERLINE,0.8559,0.1125,True,"Dimension noise dropped below non-critical threshold (1.000 -> 0.000, delta=-1.000)",CRITICAL,RECAPTURE
aptos_6d9effbcde78,aptos_6d9effbcde78.png,0.7389,gamma_correction; CLAHE,NON-CRITICAL,0.9336,0.1947,False,None,NON-CRITICAL,OK TO GO
aptos_6daef3e5ca22,aptos_6daef3e5ca22.png,0.7343,illumination_normalization; gamma_correction,NON-CRITICAL,0.7998,0.0655,False,None,NON-CRITICAL,OK TO GO
aptos_6e0f78e188ff,aptos_6e0f78e188ff.png,0.7672,bilateral_denoising; glare_attenuation,BORDERLINE,0.7232,-0.044,True,"Dimension focus dropped below non-critical threshold (0.688 -> 0.319, delta=-0.369)",CRITICAL,RECAPTURE
aptos_720b5f62ce80,aptos_720b5f62ce80.png,0.7793,bilateral_denoising; illumination_normalization; gamma_correction,NON-CRITICAL,0.7917,0.0124,False,None,NON-CRITICAL,OK TO GO
aptos_77543f66a84a,aptos_77543f66a84a.png,0.748,bilateral_denoising,CRITICAL,0.782,0.034,True,"Triggered hard failure: Severe Defocus Blur (NormLap=6.0 < 8.0, RawLap=15.25, Tenengrad=311.0)",CRITICAL,RECAPTURE
aptos_77e15f213b04,aptos_77e15f213b04.png,0.8081,bilateral_denoising; gamma_correction,NON-CRITICAL,0.8082,0.0001,False,None,NON-CRITICAL,OK TO GO
aptos_7b49041cbf17,aptos_7b49041cbf17.png,0.8088,bilateral_denoising; illumination_normalization,NON-CRITICAL,0.9071,0.0983,False,None,NON-CRITICAL,OK TO GO
aptos_7da558d92100,aptos_7da558d92100.png,0.795,CLAHE,NON-CRITICAL,0.9124,0.1174,False,None,NON-CRITICAL,OK TO GO
aptos_7f6690fa390a,aptos_7f6690fa390a.png,0.7697,bilateral_denoising; illumination_normalization; gamma_correction,NON-CRITICAL,0.791,0.0213,False,None,NON-CRITICAL,OK TO GO
aptos_80feb1f7ca5e,aptos_80feb1f7ca5e.png,0.7885,bilateral_denoising; CLAHE,NON-CRITICAL,0.9214,0.1329,False,None,NON-CRITICAL,OK TO GO
aptos_82910bba4753,aptos_82910bba4753.png,0.7431,bilateral_denoising; gamma_correction; glare_attenuation,BORDERLINE,0.7749,0.0318,False,None,BORDERLINE,ENHANCEMENT
aptos_82d364726a58,aptos_82d364726a58.png,0.7816,bilateral_denoising; illumination_normalization,NON-CRITICAL,0.8128,0.0312,False,None,NON-CRITICAL,OK TO GO
aptos_838b3e4d0bb4,aptos_838b3e4d0bb4.png,0.786,bilateral_denoising; illumination_normalization,NON-CRITICAL,0.8556,0.0696,False,None,NON-CRITICAL,OK TO GO
aptos_83d6e40c869f,aptos_83d6e40c869f.png,0.7948,CLAHE,NON-CRITICAL,0.9147,0.1199,False,None,NON-CRITICAL,OK TO GO
aptos_878a3a097436,aptos_878a3a097436.png,0.7885,bilateral_denoising; CLAHE,NON-CRITICAL,0.9214,0.1329,False,None,NON-CRITICAL,OK TO GO
aptos_891392c9683c,aptos_891392c9683c.png,0.7282,gamma_correction; CLAHE; unsharp_masking,BORDERLINE,0.8768,0.1486,True,"Dimension noise dropped below non-critical threshold (1.000 -> 0.000, delta=-1.000)",CRITICAL,RECAPTURE
aptos_8aab201c0691,aptos_8aab201c0691.png,0.8057,CLAHE,NON-CRITICAL,0.9115,0.1058,False,None,NON-CRITICAL,OK TO GO
aptos_8bdb891661a8,aptos_8bdb891661a8.png,0.6769,bilateral_denoising; illumination_normalization,NON-CRITICAL,0.8232,0.1463,False,None,NON-CRITICAL,OK TO GO
aptos_8d62ba9cb22a,aptos_8d62ba9cb22a.png,0.6912,illumination_normalization; gamma_correction,NON-CRITICAL,0.8805,0.1893,False,None,NON-CRITICAL,OK TO GO
aptos_8d8aca52c07b,aptos_8d8aca52c07b.png,0.7575,bilateral_denoising; gamma_correction; glare_attenuation,BORDERLINE,0.7859,0.0284,False,None,BORDERLINE,ENHANCEMENT
aptos_8e6df9eedcd8,aptos_8e6df9eedcd8.png,0.8128,bilateral_denoising; glare_attenuation,BORDERLINE,0.7901,-0.0227,False,None,BORDERLINE,ENHANCEMENT
aptos_8ff863f8874f,aptos_8ff863f8874f.png,0.742,illumination_normalization; gamma_correction,NON-CRITICAL,0.8051,0.0631,False,None,NON-CRITICAL,OK TO GO
aptos_9287e57326d0,aptos_9287e57326d0.png,0.7569,bilateral_denoising; gamma_correction; glare_attenuation,CRITICAL,0.6721,-0.0848,True,"Critical dimension floor violated (min=0.198 < 0.2); Dimension brightness dropped below non-critical threshold (0.547 -> 0.198, delta=-0.349); Overall composite score decreased by -0.085",CRITICAL,RECAPTURE
aptos_94111ed3d276,aptos_94111ed3d276.png,0.8004,CLAHE,NON-CRITICAL,0.9314,0.131,False,None,NON-CRITICAL,OK TO GO
aptos_96d48b073f18,aptos_96d48b073f18.png,0.7785,gamma_correction,NON-CRITICAL,0.834,0.0555,False,None,NON-CRITICAL,OK TO GO
aptos_97da093947e8,aptos_97da093947e8.png,0.7875,CLAHE; unsharp_masking,NON-CRITICAL,0.941,0.1535,False,None,NON-CRITICAL,OK TO GO
aptos_97fdee242fea,aptos_97fdee242fea.png,0.7805,illumination_normalization; gamma_correction,NON-CRITICAL,0.8428,0.0623,False,None,NON-CRITICAL,OK TO GO
aptos_98277aeb96a7,aptos_98277aeb96a7.png,0.7311,bilateral_denoising; illumination_normalization,NON-CRITICAL,0.913,0.1819,False,None,NON-CRITICAL,OK TO GO
aptos_9837048b85dc,aptos_9837048b85dc.png,0.8731,bilateral_denoising; illumination_normalization,NON-CRITICAL,0.8323,-0.0408,True,"Severe degradation in contrast (1.000 -> 0.448, delta=-0.552)",CRITICAL,RECAPTURE
aptos_98e8adcf085c,aptos_98e8adcf085c.png,0.6777,bilateral_denoising; gamma_correction; CLAHE,NON-CRITICAL,0.9117,0.234,False,None,NON-CRITICAL,OK TO GO
aptos_9a9b21215c55,aptos_9a9b21215c55.png,0.7662,illumination_normalization; gamma_correction; unsharp_masking,NON-CRITICAL,0.7763,0.0101,False,None,NON-CRITICAL,OK TO GO
aptos_9b4fc15df3c8,aptos_9b4fc15df3c8.png,0.7791,gamma_correction,NON-CRITICAL,0.8583,0.0792,False,None,NON-CRITICAL,OK TO GO
aptos_9ba469af2980,aptos_9ba469af2980.png,0.742,illumination_normalization; gamma_correction,NON-CRITICAL,0.8442,0.1022,False,None,NON-CRITICAL,OK TO GO
aptos_9c088d2d1559,aptos_9c088d2d1559.png,0.7237,illumination_normalization; gamma_correction; CLAHE,NON-CRITICAL,0.8992,0.1755,False,None,NON-CRITICAL,OK TO GO
aptos_9c5dd3612f0c,aptos_9c5dd3612f0c.png,0.8756,bilateral_denoising,NON-CRITICAL,0.9066,0.031,False,None,NON-CRITICAL,OK TO GO
aptos_9d9bfefa809c,aptos_9d9bfefa809c.png,0.7773,gamma_correction; unsharp_masking,NON-CRITICAL,0.8691,0.0918,False,None,NON-CRITICAL,OK TO GO
aptos_9df31421cdd2,aptos_9df31421cdd2.png,0.7595,bilateral_denoising; illumination_normalization; gamma_correction,NON-CRITICAL,0.9145,0.155,False,None,NON-CRITICAL,OK TO GO
aptos_9f935fb38440,aptos_9f935fb38440.png,0.7262,bilateral_denoising; CLAHE,NON-CRITICAL,0.851,0.1248,False,None,NON-CRITICAL,OK TO GO
aptos_a0a0cd8af5a6,aptos_a0a0cd8af5a6.png,0.7825,illumination_normalization,NON-CRITICAL,0.8485,0.066,False,None,NON-CRITICAL,OK TO GO
aptos_a11c62cb3f86,aptos_a11c62cb3f86.png,0.7422,bilateral_denoising; illumination_normalization; gamma_correction,NON-CRITICAL,0.8932,0.151,False,None,NON-CRITICAL,OK TO GO
aptos_a188c60b93fb,aptos_a188c60b93fb.png,0.7512,bilateral_denoising; gamma_correction; glare_attenuation,BORDERLINE,0.7933,0.0421,False,None,BORDERLINE,ENHANCEMENT
aptos_a47878630dc2,aptos_a47878630dc2.png,0.7386,illumination_normalization; gamma_correction; unsharp_masking,NON-CRITICAL,0.8237,0.0851,False,None,NON-CRITICAL,OK TO GO
aptos_a6c9e96a10d7,aptos_a6c9e96a10d7.png,0.7395,bilateral_denoising,CRITICAL,0.778,0.0385,True,"Triggered hard failure: Severe Defocus Blur (NormLap=5.3 < 8.0, RawLap=13.44, Tenengrad=295.7)",CRITICAL,RECAPTURE
aptos_ab32db41c409,aptos_ab32db41c409.png,0.8275,bilateral_denoising; glare_attenuation,BORDERLINE,0.7952,-0.0323,True,"Severe degradation in focus (0.764 -> 0.442, delta=-0.322)",CRITICAL,RECAPTURE
aptos_ab7991df166b,aptos_ab7991df166b.png,0.6801,illumination_normalization; gamma_correction,NON-CRITICAL,0.7422,0.0621,True,"Severe degradation in contrast (1.000 -> 0.435, delta=-0.565)",CRITICAL,RECAPTURE
aptos_ac0a48ccbf70,aptos_ac0a48ccbf70.png,0.7465,illumination_normalization; gamma_correction,NON-CRITICAL,0.7699,0.0234,False,None,NON-CRITICAL,OK TO GO
aptos_ae20112e7a1e,aptos_ae20112e7a1e.png,0.7486,illumination_normalization; gamma_correction,NON-CRITICAL,0.7932,0.0446,False,None,NON-CRITICAL,OK TO GO
aptos_aef9016557ca,aptos_aef9016557ca.png,0.7557,CLAHE,NON-CRITICAL,0.8665,0.1108,False,None,NON-CRITICAL,OK TO GO
aptos_b0eeae01b8ab,aptos_b0eeae01b8ab.png,0.7333,bilateral_denoising,CRITICAL,0.7703,0.037,True,"Triggered hard failure: Severe Defocus Blur (NormLap=5.0 < 8.0, RawLap=12.70, Tenengrad=242.6)",CRITICAL,RECAPTURE
aptos_b191ba0a2b12,aptos_b191ba0a2b12.png,0.7198,gamma_correction; CLAHE; unsharp_masking,BORDERLINE,0.8707,0.1509,True,"Dimension noise dropped below non-critical threshold (1.000 -> 0.000, delta=-1.000)",CRITICAL,RECAPTURE
aptos_b3819a805dca,aptos_b3819a805dca.png,0.7606,bilateral_denoising; glare_attenuation,BORDERLINE,0.7176,-0.043,True,"Dimension focus dropped below non-critical threshold (0.690 -> 0.324, delta=-0.366)",CRITICAL,RECAPTURE
aptos_b73d0bcd3d33,aptos_b73d0bcd3d33.png,0.702,gamma_correction; CLAHE,BORDERLINE,0.8802,0.1782,True,"Dimension noise dropped below non-critical threshold (1.000 -> 0.000, delta=-1.000)",CRITICAL,RECAPTURE
aptos_b8e20c076b03,aptos_b8e20c076b03.png,0.8098,bilateral_denoising; glare_attenuation,BORDERLINE,0.7766,-0.0332,True,"Severe degradation in focus (0.765 -> 0.441, delta=-0.324)",CRITICAL,RECAPTURE
aptos_b9fe7da14a32,aptos_b9fe7da14a32.png,0.7379,illumination_normalization; gamma_correction,NON-CRITICAL,0.7841,0.0462,False,None,NON-CRITICAL,OK TO GO
aptos_be7bc89f5fec,aptos_be7bc89f5fec.png,0.7219,bilateral_denoising,CRITICAL,0.7603,0.0384,True,"Triggered hard failure: Severe Defocus Blur (NormLap=4.2 < 8.0, RawLap=10.83, Tenengrad=206.1)",CRITICAL,RECAPTURE
aptos_bf1b7e21e774,aptos_bf1b7e21e774.png,0.8289,CLAHE,NON-CRITICAL,0.9308,0.1019,False,None,NON-CRITICAL,OK TO GO
aptos_c1437a7a52c9,aptos_c1437a7a52c9.png,0.732,bilateral_denoising; illumination_normalization,NON-CRITICAL,0.8752,0.1432,False,None,NON-CRITICAL,OK TO GO
aptos_c9f0dc2c8b43,aptos_c9f0dc2c8b43.png,0.8756,bilateral_denoising,NON-CRITICAL,0.9066,0.031,False,None,NON-CRITICAL,OK TO GO
aptos_ca1036496659,aptos_ca1036496659.png,0.7393,illumination_normalization; gamma_correction; CLAHE,NON-CRITICAL,0.9517,0.2124,False,None,NON-CRITICAL,OK TO GO
aptos_cb0cc98d7e35,aptos_cb0cc98d7e35.png,0.7744,bilateral_denoising; CLAHE,NON-CRITICAL,0.9333,0.1589,False,None,NON-CRITICAL,OK TO GO
aptos_cca626a0e19a,aptos_cca626a0e19a.png,0.8042,CLAHE,NON-CRITICAL,0.9279,0.1237,False,None,NON-CRITICAL,OK TO GO
aptos_cd01672507c9,aptos_cd01672507c9.png,0.7437,bilateral_denoising; illumination_normalization; gamma_correction,NON-CRITICAL,0.8969,0.1532,False,None,NON-CRITICAL,OK TO GO
aptos_cff262ed8f4c,aptos_cff262ed8f4c.png,0.7945,bilateral_denoising; glare_attenuation,BORDERLINE,0.7742,-0.0203,False,None,BORDERLINE,ENHANCEMENT
aptos_d1cf31577a59,aptos_d1cf31577a59.png,0.7581,gamma_correction; glare_attenuation; unsharp_masking,BORDERLINE,0.8237,0.0656,False,None,BORDERLINE,ENHANCEMENT
aptos_d57d1be1bbd1,aptos_d57d1be1bbd1.png,0.7938,bilateral_denoising; glare_attenuation,BORDERLINE,0.7483,-0.0455,True,"Dimension focus dropped below non-critical threshold (0.678 -> 0.304, delta=-0.374)",CRITICAL,RECAPTURE
aptos_d5ad3362424c,aptos_d5ad3362424c.png,0.7832,bilateral_denoising; gamma_correction; glare_attenuation,BORDERLINE,0.8084,0.0252,False,None,BORDERLINE,ENHANCEMENT
aptos_d7bc62d60e8c,aptos_d7bc62d60e8c.png,0.8201,bilateral_denoising,BORDERLINE,0.7786,-0.0415,True,"Severe degradation in focus (0.706 -> 0.347, delta=-0.358)",CRITICAL,RECAPTURE
aptos_d81338217fc5,aptos_d81338217fc5.png,0.7408,gamma_correction; CLAHE; unsharp_masking,BORDERLINE,0.872,0.1312,True,"Dimension noise dropped below non-critical threshold (1.000 -> 0.000, delta=-1.000)",CRITICAL,RECAPTURE
aptos_d93b61dc8f64,aptos_d93b61dc8f64.png,0.6864,bilateral_denoising; illumination_normalization; gamma_correction,NON-CRITICAL,0.9135,0.2271,False,None,NON-CRITICAL,OK TO GO
aptos_da9574d35b82,aptos_da9574d35b82.png,0.7557,bilateral_denoising; glare_attenuation,BORDERLINE,0.7103,-0.0454,True,"Dimension focus dropped below non-critical threshold (0.681 -> 0.306, delta=-0.375)",CRITICAL,RECAPTURE
aptos_daeaa5d8cf70,aptos_daeaa5d8cf70.png,0.6894,gamma_correction; glare_attenuation,BORDERLINE,0.6593,-0.0301,True,"Dimension brightness dropped below non-critical threshold (0.649 -> 0.330, delta=-0.319)",CRITICAL,RECAPTURE
aptos_de50dfa745f8,aptos_de50dfa745f8.png,0.7649,illumination_normalization; gamma_correction; unsharp_masking,NON-CRITICAL,0.8038,0.0389,False,None,NON-CRITICAL,OK TO GO
aptos_dea7538bb91a,aptos_dea7538bb91a.png,0.7514,gamma_correction,NON-CRITICAL,0.832,0.0806,False,None,NON-CRITICAL,OK TO GO
aptos_dee1031a76ae,aptos_dee1031a76ae.png,0.7306,illumination_normalization; gamma_correction,NON-CRITICAL,0.8514,0.1208,False,None,NON-CRITICAL,OK TO GO
aptos_df3adfd6ba36,aptos_df3adfd6ba36.png,0.775,illumination_normalization; gamma_correction; unsharp_masking,NON-CRITICAL,0.7988,0.0238,False,None,NON-CRITICAL,OK TO GO
aptos_e34fa07bd64d,aptos_e34fa07bd64d.png,0.8186,CLAHE,NON-CRITICAL,0.9239,0.1053,False,None,NON-CRITICAL,OK TO GO
aptos_e77a93c3d9a9,aptos_e77a93c3d9a9.png,0.7421,bilateral_denoising; glare_attenuation,BORDERLINE,0.7017,-0.0404,True,"Severe degradation in focus (0.723 -> 0.370, delta=-0.353)",CRITICAL,RECAPTURE
aptos_ea4dcb055139,aptos_ea4dcb055139.png,0.7428,illumination_normalization; gamma_correction; CLAHE; unsharp_masking,BORDERLINE,0.8533,0.1105,True,"Dimension noise dropped below non-critical threshold (1.000 -> 0.000, delta=-1.000)",CRITICAL,RECAPTURE
aptos_ecad6845f630,aptos_ecad6845f630.png,0.739,illumination_normalization,NON-CRITICAL,0.9261,0.1871,False,None,NON-CRITICAL,OK TO GO
aptos_eedae6b28f96,aptos_eedae6b28f96.png,0.7707,bilateral_denoising; illumination_normalization,NON-CRITICAL,0.834,0.0633,True,"Severe degradation in focus (0.670 -> 0.419, delta=-0.251)",CRITICAL,RECAPTURE
aptos_f002ce614c59,aptos_f002ce614c59.png,0.7491,bilateral_denoising; illumination_normalization; gamma_correction,NON-CRITICAL,0.9016,0.1525,False,None,NON-CRITICAL,OK TO GO
aptos_f1979147aad4,aptos_f1979147aad4.png,0.7013,bilateral_denoising; illumination_normalization; gamma_correction,NON-CRITICAL,0.8849,0.1836,False,None,NON-CRITICAL,OK TO GO
aptos_f56ff0440ed1,aptos_f56ff0440ed1.png,0.7286,bilateral_denoising; glare_attenuation,BORDERLINE,0.6823,-0.0463,True,"Dimension focus dropped below non-critical threshold (0.678 -> 0.301, delta=-0.377)",CRITICAL,RECAPTURE
aptos_fa0c87bd75ce,aptos_fa0c87bd75ce.png,0.7495,illumination_normalization; gamma_correction,NON-CRITICAL,0.8009,0.0514,False,None,NON-CRITICAL,OK TO GO
aptos_fa3e544a7401,aptos_fa3e544a7401.png,0.7795,bilateral_denoising; illumination_normalization,NON-CRITICAL,0.8465,0.067,False,None,NON-CRITICAL,OK TO GO
aptos_fb61230b99dd,aptos_fb61230b99dd.png,0.7816,illumination_normalization,NON-CRITICAL,0.7553,-0.0263,True,"Severe degradation in contrast (1.000 -> 0.469, delta=-0.531)",CRITICAL,RECAPTURE
aptos_fe2df69676cf,aptos_fe2df69676cf.png,0.8149,CLAHE,NON-CRITICAL,0.9463,0.1314,False,None,NON-CRITICAL,OK TO GO
aptos_ff8a0b45c789,aptos_ff8a0b45c789.png,0.8003,illumination_normalization,NON-CRITICAL,0.8281,0.0278,False,None,NON-CRITICAL,OK TO GO
train_IDRiD_259,train_IDRiD_259.jpg,0.8251,bilateral_denoising; gamma_correction,NON-CRITICAL,0.8446,0.0195,False,None,NON-CRITICAL,OK TO GO
train_IDRiD_352,train_IDRiD_352.jpg,0.8568,bilateral_denoising; illumination_normalization,NON-CRITICAL,0.9017,0.0449,False,None,NON-CRITICAL,OK TO GO
