filename,status,action,directive,ok_to_go,recapture_required,enhancement_required,overall_score,score_focus,score_brightness,score_contrast,score_noise,score_fov,score_illumination,score_artifact,flag_focus,flag_brightness,flag_contrast,flag_noise,flag_fov,flag_illumination,flag_artifact,is_hard_failure,hard_failure_reasons,rationale,raw_laplacian_var,raw_tenengrad,scale_normalized_laplacian,focus_lap_subscore,focus_ten_subscore,focus_score,focus_flag,raw_brightness_mean,raw_dark_pixel_pct,raw_bright_pixel_pct,brightness_base_score,dark_penalty,bright_penalty,brightness_score,brightness_flag,raw_contrast_rms,raw_contrast_spread,contrast_score,contrast_flag,raw_noise_residual_std,raw_noise_decoupled_std,raw_noise_local_var_mean,noise_score,noise_flag,raw_fov_coverage,raw_fov_circularity,raw_fov_retinal_area,fov_completeness_ratio,fov_circularity_subscore,fov_completeness_subscore,fov_area_subscore,fov_score,fov_flag,raw_illum_map_cov,raw_illum_center_edge_ratio,illum_cov_subscore,illum_ratio_subscore,illumination_score,illumination_flag,raw_artifact_sat_pixel_pct,raw_artifact_glare_blob_count,artifact_score,artifact_flag
aptos_000c1434d8d7.png,NON-CRITICAL,OK TO GO,OK TO GO,True,False,False,0.8572,0.6939,0.8138,0.7936,0.9265,1.0,1.0,1.0,BORDERLINE_BLUR,MILD_UNDEREXPOSURE,MILD_LOW_CONTRAST,LOW_NOISE,COMPLETE_FOV,UNIFORM_ILLUMINATION,CLEAN_NO_ARTIFACTS,False,None,"All 7 quality dimensions within acceptable clinical limits (Overall Score = 0.857 >= 0.7, Min Dimension = 0.694)",7.739500045776367,97.44786834716795,76.34,0.9775,0.2685,0.6939,BORDERLINE_BLUR,67.99,0.753,0.0,0.8138,0.0,0.0,0.8138,MILD_UNDEREXPOSURE,14.12,35.0,0.7936,MILD_LOW_CONTRAST,0.809,0.809,3.08,0.9265,LOW_NOISE,0.7508,0.9344,5157188,1.4392,1.0,1.0,1.0,1.0,COMPLETE_FOV,0.1514,1.103,1.0,1.0,1.0,UNIFORM_ILLUMINATION,0.0,0,1.0,CLEAN_NO_ARTIFACTS
aptos_0ad7f631dedb.png,NON-CRITICAL,OK TO GO,OK TO GO,True,False,False,0.87,0.5959,0.9638,0.8939,0.9233,1.0,1.0,1.0,BORDERLINE_BLUR,ACCEPTABLE_EXPOSURE,MILD_LOW_CONTRAST,LOW_NOISE,COMPLETE_FOV,UNIFORM_ILLUMINATION,CLEAN_NO_ARTIFACTS,False,None,"All 7 quality dimensions within acceptable clinical limits (Overall Score = 0.870 >= 0.7, Min Dimension = 0.596)",8.29942798614502,130.4087371826172,46.2,0.736,0.3858,0.5959,BORDERLINE_BLUR,94.83,0.719,0.0,0.9638,0.0,0.0,0.9638,ACCEPTABLE_EXPOSURE,15.04,37.0,0.8939,MILD_LOW_CONTRAST,0.843,0.843,4.83,0.9233,LOW_NOISE,0.8389,0.9262,3518476,1.4865,1.0,1.0,1.0,1.0,COMPLETE_FOV,0.1232,1.067,1.0,1.0,1.0,UNIFORM_ILLUMINATION,0.0,0,1.0,CLEAN_NO_ARTIFACTS
aptos_15f8d769935c.png,NON-CRITICAL,OK TO GO,OK TO GO,True,False,False,0.9051,0.9483,0.8758,1.0,0.3665,1.0,1.0,1.0,GOOD,ACCEPTABLE_EXPOSURE,GOOD_CONTRAST,MODERATE_NOISE,COMPLETE_FOV,UNIFORM_ILLUMINATION,CLEAN_NO_ARTIFACTS,False,None,"All 7 quality dimensions within acceptable clinical limits (Overall Score = 0.905 >= 0.7, Min Dimension = 0.366)",63.60749053955078,849.641357421875,66.88,0.9138,1.0,0.9483,GOOD,106.07,4.123,0.0,0.8794,0.0037,0.0,0.8758,ACCEPTABLE_EXPOSURE,28.01,63.0,1.0,GOOD_CONTRAST,2.205,2.205,31.96,0.3665,MODERATE_NOISE,0.8235,0.9884,907916,1.0485,1.0,1.0,1.0,1.0,COMPLETE_FOV,0.2259,1.177,1.0,1.0,1.0,UNIFORM_ILLUMINATION,0.0,0,1.0,CLEAN_NO_ARTIFACTS
aptos_1efa5d443707.png,BORDERLINE,ENHANCEMENT,ENHANCEMENT,False,False,True,0.8092,0.3033,0.9311,1.0,0.9368,1.0,1.0,1.0,SEVERE_BLUR,ACCEPTABLE_EXPOSURE,GOOD_CONTRAST,LOW_NOISE,COMPLETE_FOV,UNIFORM_ILLUMINATION,CLEAN_NO_ARTIFACTS,False,None,Intermediate quality suitable for enhancement (Focus/Defocus; Overall Score = 0.809),5.436552047729492,119.0719985961914,17.63,0.2727,0.3492,0.3033,SEVERE_BLUR,80.82,1.132,0.0,0.9311,0.0,0.0,0.9311,ACCEPTABLE_EXPOSURE,18.4,49.0,1.0,GOOD_CONTRAST,0.695,0.695,4.98,0.9368,LOW_NOISE,0.7224,0.9453,1633203,1.3835,1.0,1.0,1.0,1.0,COMPLETE_FOV,0.2368,1.253,1.0,1.0,1.0,UNIFORM_ILLUMINATION,0.0,0,1.0,CLEAN_NO_ARTIFACTS
aptos_2927665214e1.png,NON-CRITICAL,OK TO GO,OK TO GO,True,False,False,0.9231,0.8782,0.9958,1.0,0.542,1.0,1.0,1.0,GOOD,ACCEPTABLE_EXPOSURE,GOOD_CONTRAST,MODERATE_NOISE,COMPLETE_FOV,UNIFORM_ILLUMINATION,CLEAN_NO_ARTIFACTS,False,None,"All 7 quality dimensions within acceptable clinical limits (Overall Score = 0.923 >= 0.7, Min Dimension = 0.542)",49.88995361328125,636.1874389648438,52.46,0.797,1.0,0.8782,GOOD,90.56,3.209,0.0,0.9958,0.0,0.0,0.9958,ACCEPTABLE_EXPOSURE,22.28,54.0,1.0,GOOD_CONTRAST,1.954,1.954,23.57,0.542,MODERATE_NOISE,0.8159,0.9904,899488,1.0388,1.0,1.0,1.0,1.0,COMPLETE_FOV,0.2117,1.15,1.0,1.0,1.0,UNIFORM_ILLUMINATION,0.0,0,1.0,CLEAN_NO_ARTIFACTS
aptos_34723fae6475.png,NON-CRITICAL,OK TO GO,OK TO GO,True,False,False,0.9,0.6964,0.899,1.0,0.9108,1.0,1.0,1.0,BORDERLINE_BLUR,ACCEPTABLE_EXPOSURE,GOOD_CONTRAST,LOW_NOISE,COMPLETE_FOV,UNIFORM_ILLUMINATION,CLEAN_NO_ARTIFACTS,False,None,"All 7 quality dimensions within acceptable clinical limits (Overall Score = 0.900 >= 0.7, Min Dimension = 0.696)",11.384504318237305,138.1650848388672,63.37,0.888,0.409,0.6964,BORDERLINE_BLUR,76.53,0.675,0.0,0.899,0.0,0.0,0.899,ACCEPTABLE_EXPOSURE,16.36,44.0,1.0,GOOD_CONTRAST,0.982,0.982,4.05,0.9108,LOW_NOISE,0.838,0.9277,3514552,1.4848,1.0,1.0,1.0,1.0,COMPLETE_FOV,0.2086,1.287,1.0,1.0,1.0,UNIFORM_ILLUMINATION,0.0,0,1.0,CLEAN_NO_ARTIFACTS
aptos_3f73c91b7e32.png,NON-CRITICAL,OK TO GO,OK TO GO,True,False,False,0.8367,0.7265,0.9121,0.5166,0.9074,1.0,1.0,1.0,GOOD,ACCEPTABLE_EXPOSURE,MILD_LOW_CONTRAST,LOW_NOISE,COMPLETE_FOV,UNIFORM_ILLUMINATION,CLEAN_NO_ARTIFACTS,False,None,"All 7 quality dimensions within acceptable clinical limits (Overall Score = 0.837 >= 0.7, Min Dimension = 0.517)",12.23192024230957,146.48480224609375,68.09,0.9225,0.4326,0.7265,GOOD,78.27,0.696,0.0,0.9121,0.0,0.0,0.9121,ACCEPTABLE_EXPOSURE,11.61,31.0,0.5166,MILD_LOW_CONTRAST,1.019,1.019,4.23,0.9074,LOW_NOISE,0.8385,0.9275,3516662,1.4857,1.0,1.0,1.0,1.0,COMPLETE_FOV,0.0988,1.034,1.0,1.0,1.0,UNIFORM_ILLUMINATION,0.0,0,1.0,CLEAN_NO_ARTIFACTS
aptos_496155f71d0a.png,NON-CRITICAL,OK TO GO,OK TO GO,True,False,False,0.9222,0.9042,0.9865,1.0,0.4819,1.0,1.0,1.0,GOOD,ACCEPTABLE_EXPOSURE,GOOD_CONTRAST,MODERATE_NOISE,COMPLETE_FOV,UNIFORM_ILLUMINATION,CLEAN_NO_ARTIFACTS,False,None,"All 7 quality dimensions within acceptable clinical limits (Overall Score = 0.922 >= 0.7, Min Dimension = 0.482)",54.59482192993164,614.8362426757812,57.4,0.8404,1.0,0.9042,GOOD,88.2,2.919,0.0,0.9865,0.0,0.0,0.9865,ACCEPTABLE_EXPOSURE,21.71,49.0,1.0,GOOD_CONTRAST,2.04,2.04,21.45,0.4819,MODERATE_NOISE,0.8122,0.9925,895413,1.0341,1.0,1.0,1.0,1.0,COMPLETE_FOV,0.2247,1.057,1.0,1.0,1.0,UNIFORM_ILLUMINATION,0.0,0,1.0,CLEAN_NO_ARTIFACTS
aptos_51aa3361294c.png,CRITICAL,RECAPTURE,RECAPTURE,False,True,False,0.7217,0.2712,0.5693,1.0,0.9174,0.9839,0.7916,1.0,SEVERE_BLUR,MILD_UNDEREXPOSURE,GOOD_CONTRAST,LOW_NOISE,COMPLETE_FOV,MODERATE_UNEVEN_ILLUMINATION,CLEAN_NO_ARTIFACTS,True,"Severe Defocus Blur (NormLap=6.0 < 8.0, RawLap=9.34, Tenengrad=269.5)","Hard Failure Triggered: Severe Defocus Blur (NormLap=6.0 < 8.0, RawLap=9.34, Tenengrad=269.5)",9.343079566955566,269.4761962890625,5.98,0.0,0.6779,0.2712,SEVERE_BLUR,54.4,0.863,0.0,0.5693,0.0,0.0,0.5693,MILD_UNDEREXPOSURE,18.24,49.0,1.0,GOOD_CONTRAST,0.908,0.908,11.91,0.9174,LOW_NOISE,0.8026,0.9574,403599,1.3631,1.0,1.0,0.9197,0.9839,COMPLETE_FOV,0.3451,0.928,0.7373,0.8925,0.7916,MODERATE_UNEVEN_ILLUMINATION,0.0,0,1.0,CLEAN_NO_ARTIFACTS
aptos_5b47043942f4.png,NON-CRITICAL,OK TO GO,OK TO GO,True,False,False,0.8555,0.6457,0.9902,1.0,0.6704,0.9085,0.9225,1.0,BORDERLINE_BLUR,ACCEPTABLE_EXPOSURE,GOOD_CONTRAST,ACCEPTABLE_NOISE,COMPLETE_FOV,UNIFORM_ILLUMINATION,CLEAN_NO_ARTIFACTS,False,None,"All 7 quality dimensions within acceptable clinical limits (Overall Score = 0.856 >= 0.7, Min Dimension = 0.646)",36.63005828857422,656.6326904296875,23.43,0.4095,1.0,0.6457,BORDERLINE_BLUR,88.7,1.103,0.045,0.9902,0.0,0.0,0.9902,ACCEPTABLE_EXPOSURE,24.31,66.0,1.0,GOOD_CONTRAST,1.743,1.743,32.01,0.6704,ACCEPTABLE_NOISE,0.4801,0.9965,241433,0.8154,1.0,0.8789,0.7845,0.9085,COMPLETE_FOV,0.2877,1.031,0.8807,1.0,0.9225,UNIFORM_ILLUMINATION,0.0,0,1.0,CLEAN_NO_ARTIFACTS
aptos_66460ecab347.png,CRITICAL,RECAPTURE,RECAPTURE,False,True,False,0.7206,0.9071,0.2427,0.6246,0.4301,0.9424,0.7941,1.0,GOOD,SEVERE_UNDEREXPOSURE,MILD_LOW_CONTRAST,MODERATE_NOISE,COMPLETE_FOV,MODERATE_UNEVEN_ILLUMINATION,CLEAN_NO_ARTIFACTS,True,Severe Underexposure (Retinal Mean Intensity=37.1 < 40.0),Hard Failure Triggered: Severe Underexposure (Retinal Mean Intensity=37.1 < 40.0),66.46807098388672,336.8752136230469,265.87,1.0,0.7677,0.9071,GOOD,37.13,2.819,0.0,0.2427,0.0,0.0,0.2427,SEVERE_UNDEREXPOSURE,12.59,31.0,0.6246,MILD_LOW_CONTRAST,2.114,2.114,8.87,0.4301,MODERATE_NOISE,0.4765,0.9967,1498848,0.8089,1.0,0.8561,1.0,0.9424,COMPLETE_FOV,0.3281,0.881,0.7796,0.8209,0.7941,MODERATE_UNEVEN_ILLUMINATION,0.0,0,1.0,CLEAN_NO_ARTIFACTS
aptos_7116128c65ab.png,NON-CRITICAL,OK TO GO,OK TO GO,True,False,False,0.8383,0.4024,0.9632,1.0,0.9322,1.0,1.0,1.0,SEVERE_BLUR,ACCEPTABLE_EXPOSURE,GOOD_CONTRAST,LOW_NOISE,COMPLETE_FOV,UNIFORM_ILLUMINATION,CLEAN_NO_ARTIFACTS,False,None,"All 7 quality dimensions within acceptable clinical limits (Overall Score = 0.838 >= 0.7, Min Dimension = 0.402)",5.926232814788818,188.8883819580078,19.22,0.3141,0.5349,0.4024,SEVERE_BLUR,94.9,1.259,0.0,0.9632,0.0,0.0,0.9632,ACCEPTABLE_EXPOSURE,19.67,52.0,1.0,GOOD_CONTRAST,0.746,0.746,8.05,0.9322,LOW_NOISE,0.7237,0.9456,1636008,1.3858,1.0,1.0,1.0,1.0,COMPLETE_FOV,0.2324,1.264,1.0,1.0,1.0,UNIFORM_ILLUMINATION,0.0,0,1.0,CLEAN_NO_ARTIFACTS
aptos_7bc2e0fa3f72.png,NON-CRITICAL,OK TO GO,OK TO GO,True,False,False,0.7706,0.6261,0.427,0.7168,0.9267,0.9992,1.0,1.0,BORDERLINE_BLUR,MILD_UNDEREXPOSURE,MILD_LOW_CONTRAST,LOW_NOISE,COMPLETE_FOV,UNIFORM_ILLUMINATION,CLEAN_NO_ARTIFACTS,False,None,"All 7 quality dimensions within acceptable clinical limits (Overall Score = 0.771 >= 0.7, Min Dimension = 0.427)",12.440568923950195,59.50005340576172,79.46,0.9968,0.07,0.6261,BORDERLINE_BLUR,46.5,1.09,0.0,0.427,0.0,0.0,0.427,MILD_UNDEREXPOSURE,13.43,36.0,0.7168,MILD_LOW_CONTRAST,0.806,0.806,2.42,0.9267,LOW_NOISE,0.9113,0.9195,4617920,1.5337,0.998,1.0,1.0,0.9992,COMPLETE_FOV,0.2252,1.286,1.0,1.0,1.0,UNIFORM_ILLUMINATION,0.0,0,1.0,CLEAN_NO_ARTIFACTS
aptos_85fce24084da.png,CRITICAL,RECAPTURE,RECAPTURE,False,True,False,0.8054,0.4588,0.7918,0.8479,0.9476,1.0,1.0,1.0,BORDERLINE_BLUR,MILD_OVEREXPOSURE,MILD_LOW_CONTRAST,LOW_NOISE,COMPLETE_FOV,UNIFORM_ILLUMINATION,CLEAN_NO_ARTIFACTS,True,"Severe Defocus Blur (NormLap=39.1 < 8.0, RawLap=3.96, Tenengrad=75.1)","Hard Failure Triggered: Severe Defocus Blur (NormLap=39.1 < 8.0, RawLap=3.96, Tenengrad=75.1)",3.963611602783203,75.06820678710938,39.1,0.6557,0.1635,0.4588,BORDERLINE_BLUR,112.91,0.958,0.0,0.7918,0.0,0.0,0.7918,MILD_OVEREXPOSURE,14.62,29.0,0.8479,MILD_LOW_CONTRAST,0.576,0.576,3.18,0.9476,LOW_NOISE,0.7528,0.932,5171434,1.4432,1.0,1.0,1.0,1.0,COMPLETE_FOV,0.1412,1.07,1.0,1.0,1.0,UNIFORM_ILLUMINATION,0.0,0,1.0,CLEAN_NO_ARTIFACTS
aptos_8fc09fecd22f.png,NON-CRITICAL,OK TO GO,OK TO GO,True,False,False,0.8955,0.6513,0.9871,0.9518,0.918,1.0,1.0,1.0,BORDERLINE_BLUR,ACCEPTABLE_EXPOSURE,MILD_LOW_CONTRAST,LOW_NOISE,COMPLETE_FOV,UNIFORM_ILLUMINATION,CLEAN_NO_ARTIFACTS,False,None,"All 7 quality dimensions within acceptable clinical limits (Overall Score = 0.895 >= 0.7, Min Dimension = 0.651)",9.511309623718262,144.06561279296875,52.95,0.8015,0.4259,0.6513,BORDERLINE_BLUR,91.71,0.709,0.0,0.9871,0.0,0.0,0.9871,ACCEPTABLE_EXPOSURE,15.56,42.0,0.9518,MILD_LOW_CONTRAST,0.902,0.902,5.19,0.918,LOW_NOISE,0.8388,0.9267,3518060,1.4863,1.0,1.0,1.0,1.0,COMPLETE_FOV,0.148,1.121,1.0,1.0,1.0,UNIFORM_ILLUMINATION,0.0,0,1.0,CLEAN_NO_ARTIFACTS
aptos_9a159d4674cd.png,NON-CRITICAL,OK TO GO,OK TO GO,True,False,False,0.8682,0.7123,0.966,1.0,0.5865,0.9102,1.0,1.0,GOOD,ACCEPTABLE_EXPOSURE,GOOD_CONTRAST,MODERATE_NOISE,COMPLETE_FOV,UNIFORM_ILLUMINATION,CLEAN_NO_ARTIFACTS,False,None,"All 7 quality dimensions within acceptable clinical limits (Overall Score = 0.868 >= 0.7, Min Dimension = 0.587)",46.14338684082031,602.6299438476562,29.52,0.5205,1.0,0.7123,GOOD,94.53,1.153,0.0,0.966,0.0,0.0,0.966,ACCEPTABLE_EXPOSURE,18.74,54.0,1.0,GOOD_CONTRAST,1.891,1.891,30.66,0.5865,MODERATE_NOISE,0.4808,0.9964,241784,0.8166,1.0,0.883,0.7848,0.9102,COMPLETE_FOV,0.1961,1.037,1.0,1.0,1.0,UNIFORM_ILLUMINATION,0.0,0,1.0,CLEAN_NO_ARTIFACTS
aptos_a384e688e228.png,NON-CRITICAL,OK TO GO,OK TO GO,True,False,False,0.924,0.9005,0.9968,1.0,0.4935,1.0,1.0,1.0,GOOD,ACCEPTABLE_EXPOSURE,GOOD_CONTRAST,MODERATE_NOISE,COMPLETE_FOV,UNIFORM_ILLUMINATION,CLEAN_NO_ARTIFACTS,False,None,"All 7 quality dimensions within acceptable clinical limits (Overall Score = 0.924 >= 0.7, Min Dimension = 0.493)",53.88979721069336,635.5392456054688,56.66,0.8341,1.0,0.9005,GOOD,90.43,2.634,0.0,0.9968,0.0,0.0,0.9968,ACCEPTABLE_EXPOSURE,21.91,46.0,1.0,GOOD_CONTRAST,2.024,2.024,22.62,0.4935,MODERATE_NOISE,0.8108,0.9921,893907,1.0323,1.0,1.0,1.0,1.0,COMPLETE_FOV,0.2264,1.091,1.0,1.0,1.0,UNIFORM_ILLUMINATION,0.0,0,1.0,CLEAN_NO_ARTIFACTS
aptos_ac1667fac512.png,NON-CRITICAL,OK TO GO,OK TO GO,True,False,False,0.9231,0.8745,0.9976,1.0,0.5479,1.0,1.0,1.0,GOOD,ACCEPTABLE_EXPOSURE,GOOD_CONTRAST,MODERATE_NOISE,COMPLETE_FOV,UNIFORM_ILLUMINATION,CLEAN_NO_ARTIFACTS,False,None,"All 7 quality dimensions within acceptable clinical limits (Overall Score = 0.923 >= 0.7, Min Dimension = 0.548)",49.248291015625,628.7769775390625,51.78,0.7908,1.0,0.8745,GOOD,89.68,2.902,0.0,0.9976,0.0,0.0,0.9976,ACCEPTABLE_EXPOSURE,21.84,48.0,1.0,GOOD_CONTRAST,1.946,1.946,23.08,0.5479,MODERATE_NOISE,0.8124,0.9922,895722,1.0344,1.0,1.0,1.0,1.0,COMPLETE_FOV,0.2341,1.257,1.0,1.0,1.0,UNIFORM_ILLUMINATION,0.0,0,1.0,CLEAN_NO_ARTIFACTS
aptos_b69c224edd6e.png,NON-CRITICAL,OK TO GO,OK TO GO,True,False,False,0.8765,0.7888,0.9059,0.9205,0.9114,0.9966,0.647,1.0,GOOD,ACCEPTABLE_EXPOSURE,SLIGHTLY_HIGH_CONTRAST,LOW_NOISE,COMPLETE_FOV,MODERATE_UNEVEN_ILLUMINATION,CLEAN_NO_ARTIFACTS,False,None,"All 7 quality dimensions within acceptable clinical limits (Overall Score = 0.876 >= 0.7, Min Dimension = 0.647)",17.032865524291992,161.54737854003906,108.8,1.0,0.472,0.7888,GOOD,77.45,1.092,0.0,0.9059,0.0,0.0,0.9059,ACCEPTABLE_EXPOSURE,35.98,113.0,0.9205,SLIGHTLY_HIGH_CONTRAST,0.974,0.974,6.8,0.9114,LOW_NOISE,0.914,0.918,4631396,1.5381,0.9916,1.0,1.0,0.9966,COMPLETE_FOV,0.4216,1.209,0.457,1.0,0.647,MODERATE_UNEVEN_ILLUMINATION,0.0,0,1.0,CLEAN_NO_ARTIFACTS
aptos_bfd5c0e55420.png,NON-CRITICAL,OK TO GO,OK TO GO,True,False,False,0.8483,0.6402,0.7787,0.8537,0.9338,1.0,1.0,1.0,BORDERLINE_BLUR,MILD_OVEREXPOSURE,MILD_LOW_CONTRAST,LOW_NOISE,COMPLETE_FOV,UNIFORM_ILLUMINATION,CLEAN_NO_ARTIFACTS,False,None,"All 7 quality dimensions within acceptable clinical limits (Overall Score = 0.848 >= 0.7, Min Dimension = 0.640)",6.291801929473877,101.20103454589844,62.06,0.8779,0.2837,0.6402,BORDERLINE_BLUR,113.57,0.948,0.0,0.7787,0.0,0.0,0.7787,MILD_OVEREXPOSURE,14.67,29.0,0.8537,MILD_LOW_CONTRAST,0.728,0.728,3.91,0.9338,LOW_NOISE,0.7529,0.9335,5171904,1.4433,1.0,1.0,1.0,1.0,COMPLETE_FOV,0.1446,1.038,1.0,1.0,1.0,UNIFORM_ILLUMINATION,0.0,0,1.0,CLEAN_NO_ARTIFACTS
aptos_cac80797770f.png,NON-CRITICAL,OK TO GO,OK TO GO,True,False,False,0.8864,0.7993,0.7511,1.0,0.8378,1.0,0.9012,1.0,GOOD,MILD_UNDEREXPOSURE,GOOD_CONTRAST,ACCEPTABLE_NOISE,COMPLETE_FOV,UNIFORM_ILLUMINATION,CLEAN_NO_ARTIFACTS,False,None,"All 7 quality dimensions within acceptable clinical limits (Overall Score = 0.886 >= 0.7, Min Dimension = 0.751)",23.2075138092041,172.47805786132812,148.24,1.0,0.4983,0.7993,GOOD,64.51,0.839,0.0,0.7511,0.0,0.0,0.7511,MILD_UNDEREXPOSURE,23.47,63.0,1.0,GOOD_CONTRAST,1.274,1.274,5.31,0.8378,ACCEPTABLE_NOISE,0.8981,0.9241,4550867,1.5114,1.0,1.0,1.0,1.0,COMPLETE_FOV,0.3008,1.264,0.848,1.0,0.9012,UNIFORM_ILLUMINATION,0.0,0,1.0,CLEAN_NO_ARTIFACTS
aptos_d567a1a22d33.png,NON-CRITICAL,OK TO GO,OK TO GO,True,False,False,0.8273,0.6112,0.9209,0.6302,0.9185,1.0,1.0,1.0,BORDERLINE_BLUR,ACCEPTABLE_EXPOSURE,MILD_LOW_CONTRAST,LOW_NOISE,COMPLETE_FOV,UNIFORM_ILLUMINATION,CLEAN_NO_ARTIFACTS,False,None,"All 7 quality dimensions within acceptable clinical limits (Overall Score = 0.827 >= 0.7, Min Dimension = 0.611)",9.50142765045166,112.52294921875,52.89,0.801,0.3264,0.6112,BORDERLINE_BLUR,79.46,0.732,0.0,0.9209,0.0,0.0,0.9209,ACCEPTABLE_EXPOSURE,12.64,30.0,0.6302,MILD_LOW_CONTRAST,0.896,0.896,3.33,0.9185,LOW_NOISE,0.8391,0.9275,3519237,1.4868,1.0,1.0,1.0,1.0,COMPLETE_FOV,0.1798,1.125,1.0,1.0,1.0,UNIFORM_ILLUMINATION,0.0,0,1.0,CLEAN_NO_ARTIFACTS
aptos_df9cb3729eb1.png,NON-CRITICAL,OK TO GO,OK TO GO,True,False,False,0.9265,0.8758,0.9568,1.0,0.7162,0.9496,1.0,1.0,GOOD,ACCEPTABLE_EXPOSURE,GOOD_CONTRAST,ACCEPTABLE_NOISE,COMPLETE_FOV,UNIFORM_ILLUMINATION,CLEAN_NO_ARTIFACTS,False,None,"All 7 quality dimensions within acceptable clinical limits (Overall Score = 0.927 >= 0.7, Min Dimension = 0.716)",36.21381759643555,277.3475341796875,144.86,1.0,0.6895,0.8758,GOOD,84.24,1.008,0.0,0.9568,0.0,0.0,0.9568,ACCEPTABLE_EXPOSURE,17.28,37.0,1.0,GOOD_CONTRAST,1.615,1.615,8.53,0.7162,ACCEPTABLE_NOISE,0.4795,0.9968,1508288,0.814,1.0,0.8739,1.0,0.9496,COMPLETE_FOV,0.2097,1.094,1.0,1.0,1.0,UNIFORM_ILLUMINATION,0.0,0,1.0,CLEAN_NO_ARTIFACTS
aptos_e933923aab15.png,NON-CRITICAL,OK TO GO,OK TO GO,True,False,False,0.908,0.9151,0.9051,1.0,0.4343,1.0,1.0,1.0,GOOD,ACCEPTABLE_EXPOSURE,GOOD_CONTRAST,MODERATE_NOISE,COMPLETE_FOV,UNIFORM_ILLUMINATION,CLEAN_NO_ARTIFACTS,False,None,"All 7 quality dimensions within acceptable clinical limits (Overall Score = 0.908 >= 0.7, Min Dimension = 0.434)",56.69470977783203,755.7684936523438,59.61,0.8585,1.0,0.9151,GOOD,102.65,2.696,0.0,0.9051,0.0,0.0,0.9051,ACCEPTABLE_EXPOSURE,23.16,55.0,1.0,GOOD_CONTRAST,2.108,2.108,26.75,0.4343,MODERATE_NOISE,0.8106,0.9913,893733,1.0321,1.0,1.0,1.0,1.0,COMPLETE_FOV,0.202,1.207,1.0,1.0,1.0,UNIFORM_ILLUMINATION,0.0,0,1.0,CLEAN_NO_ARTIFACTS
aptos_f451eee2b66b.png,NON-CRITICAL,OK TO GO,OK TO GO,True,False,False,0.9158,0.8559,0.9562,1.0,0.5844,1.0,1.0,1.0,GOOD,ACCEPTABLE_EXPOSURE,GOOD_CONTRAST,MODERATE_NOISE,COMPLETE_FOV,UNIFORM_ILLUMINATION,CLEAN_NO_ARTIFACTS,False,None,"All 7 quality dimensions within acceptable clinical limits (Overall Score = 0.916 >= 0.7, Min Dimension = 0.584)",46.18183135986328,638.4613647460938,48.56,0.7599,1.0,0.8559,GOOD,95.85,2.874,0.0,0.9562,0.0,0.0,0.9562,ACCEPTABLE_EXPOSURE,20.89,44.0,1.0,GOOD_CONTRAST,1.894,1.894,23.96,0.5844,MODERATE_NOISE,0.8114,0.9931,894607,1.0332,1.0,1.0,1.0,1.0,COMPLETE_FOV,0.1901,1.147,1.0,1.0,1.0,UNIFORM_ILLUMINATION,0.0,0,1.0,CLEAN_NO_ARTIFACTS
test_IDRiD_001.jpg,CRITICAL,RECAPTURE,RECAPTURE,False,True,False,0.7011,0.707,0.2946,0.2532,0.9222,1.0,1.0,1.0,GOOD,SEVERE_UNDEREXPOSURE,SEVERE_LOW_CONTRAST,LOW_NOISE,COMPLETE_FOV,UNIFORM_ILLUMINATION,CLEAN_NO_ARTIFACTS,True,Severe Underexposure (Retinal Mean Intensity=39.7 < 40.0),Hard Failure Triggered: Severe Underexposure (Retinal Mean Intensity=39.7 < 40.0),8.495461463928223,97.17459869384766,148.97,1.0,0.2674,0.707,GOOD,39.73,0.805,0.0,0.2946,0.0,0.0,0.2946,SEVERE_UNDEREXPOSURE,8.81,26.0,0.2532,SEVERE_LOW_CONTRAST,0.856,0.856,2.6,0.9222,LOW_NOISE,0.6935,0.9569,8469189,1.3294,1.0,1.0,1.0,1.0,COMPLETE_FOV,0.2191,1.14,1.0,1.0,1.0,UNIFORM_ILLUMINATION,0.0,0,1.0,CLEAN_NO_ARTIFACTS
test_IDRiD_021.jpg,NON-CRITICAL,OK TO GO,OK TO GO,True,False,False,0.8968,0.9087,0.7217,0.9357,0.7644,1.0,0.9455,1.0,GOOD,ACCEPTABLE_EXPOSURE,SLIGHTLY_HIGH_CONTRAST,ACCEPTABLE_NOISE,COMPLETE_FOV,UNIFORM_ILLUMINATION,CLEAN_NO_ARTIFACTS,False,None,"All 7 quality dimensions within acceptable clinical limits (Overall Score = 0.897 >= 0.7, Min Dimension = 0.722)",26.28223991394043,340.2416687011719,460.86,1.0,0.7717,0.9087,GOOD,101.44,10.418,0.0,0.9142,0.1925,0.0,0.7217,ACCEPTABLE_EXPOSURE,35.22,125.0,0.9357,SLIGHTLY_HIGH_CONTRAST,1.48,1.48,10.19,0.7644,ACCEPTABLE_NOISE,0.771,0.9307,9416204,1.4781,1.0,1.0,1.0,1.0,COMPLETE_FOV,0.2735,1.165,0.9161,1.0,0.9455,UNIFORM_ILLUMINATION,0.0,0,1.0,CLEAN_NO_ARTIFACTS
test_IDRiD_041.jpg,NON-CRITICAL,OK TO GO,OK TO GO,True,False,False,0.8868,0.9275,0.7115,0.9037,0.7197,1.0,0.907,1.0,GOOD,ACCEPTABLE_EXPOSURE,SLIGHTLY_HIGH_CONTRAST,ACCEPTABLE_NOISE,COMPLETE_FOV,UNIFORM_ILLUMINATION,CLEAN_NO_ARTIFACTS,False,None,"All 7 quality dimensions within acceptable clinical limits (Overall Score = 0.887 >= 0.7, Min Dimension = 0.711)",31.03858184814453,382.3228454589844,544.27,1.0,0.8186,0.9275,GOOD,107.05,9.355,0.0,0.8721,0.1607,0.0,0.7115,ACCEPTABLE_EXPOSURE,36.82,135.0,0.9037,SLIGHTLY_HIGH_CONTRAST,1.605,1.605,11.02,0.7197,ACCEPTABLE_NOISE,0.7621,0.9349,9307241,1.461,1.0,1.0,1.0,1.0,COMPLETE_FOV,0.2972,1.26,0.8569,1.0,0.907,UNIFORM_ILLUMINATION,0.0,0,1.0,CLEAN_NO_ARTIFACTS
test_IDRiD_061.jpg,NON-CRITICAL,OK TO GO,OK TO GO,True,False,False,0.9271,0.9185,0.8893,1.0,0.708,1.0,0.9324,1.0,GOOD,ACCEPTABLE_EXPOSURE,GOOD_CONTRAST,ACCEPTABLE_NOISE,COMPLETE_FOV,UNIFORM_ILLUMINATION,CLEAN_NO_ARTIFACTS,False,None,"All 7 quality dimensions within acceptable clinical limits (Overall Score = 0.927 >= 0.7, Min Dimension = 0.708)",32.5123176574707,361.5727844238281,570.11,1.0,0.7962,0.9185,GOOD,90.57,7.546,0.0,0.9957,0.1064,0.0,0.8893,ACCEPTABLE_EXPOSURE,29.68,120.0,1.0,GOOD_CONTRAST,1.638,1.638,9.5,0.708,ACCEPTABLE_NOISE,0.7466,0.9454,9118215,1.4313,1.0,1.0,1.0,1.0,COMPLETE_FOV,0.2816,1.158,0.896,1.0,0.9324,UNIFORM_ILLUMINATION,0.0,0,1.0,CLEAN_NO_ARTIFACTS
test_IDRiD_081.jpg,NON-CRITICAL,OK TO GO,OK TO GO,True,False,False,0.8495,0.8327,0.5923,0.8886,0.8753,0.9879,0.835,1.0,GOOD,SEVERE_UNDEREXPOSURE,SLIGHTLY_HIGH_CONTRAST,ACCEPTABLE_NOISE,COMPLETE_FOV,UNIFORM_ILLUMINATION,CLEAN_NO_ARTIFACTS,False,None,"All 7 quality dimensions within acceptable clinical limits (Overall Score = 0.850 >= 0.7, Min Dimension = 0.592)",16.312702178955078,212.17047119140625,286.05,1.0,0.5817,0.8327,GOOD,84.29,16.164,0.0,0.9572,0.3649,0.0,0.5923,SEVERE_UNDEREXPOSURE,37.57,124.0,0.8886,SLIGHTLY_HIGH_CONTRAST,1.169,1.169,6.48,0.8753,ACCEPTABLE_NOISE,0.8238,0.9129,10060884,1.5793,0.9698,1.0,1.0,0.9879,COMPLETE_FOV,0.3415,1.118,0.7461,1.0,0.835,UNIFORM_ILLUMINATION,0.0,0,1.0,CLEAN_NO_ARTIFACTS
test_IDRiD_101.jpg,NON-CRITICAL,OK TO GO,OK TO GO,True,False,False,0.9156,0.7928,0.9305,1.0,0.9049,1.0,0.8735,1.0,GOOD,ACCEPTABLE_EXPOSURE,GOOD_CONTRAST,LOW_NOISE,COMPLETE_FOV,UNIFORM_ILLUMINATION,CLEAN_NO_ARTIFACTS,False,None,"All 7 quality dimensions within acceptable clinical limits (Overall Score = 0.916 >= 0.7, Min Dimension = 0.793)",12.89909839630127,165.6714324951172,226.19,1.0,0.4821,0.7928,GOOD,80.73,3.961,0.0,0.9305,0.0,0.0,0.9305,ACCEPTABLE_EXPOSURE,24.69,65.0,1.0,GOOD_CONTRAST,1.046,1.046,4.97,0.9049,LOW_NOISE,0.7186,0.9493,8776124,1.3776,1.0,1.0,1.0,1.0,COMPLETE_FOV,0.3179,1.273,0.8053,1.0,0.8735,UNIFORM_ILLUMINATION,0.0,0,1.0,CLEAN_NO_ARTIFACTS
train_IDRiD_018.jpg,NON-CRITICAL,OK TO GO,OK TO GO,True,False,False,0.8701,0.7392,0.7868,0.8391,0.9142,1.0,1.0,1.0,GOOD,MILD_UNDEREXPOSURE,MILD_LOW_CONTRAST,LOW_NOISE,COMPLETE_FOV,UNIFORM_ILLUMINATION,CLEAN_NO_ARTIFACTS,False,None,"All 7 quality dimensions within acceptable clinical limits (Overall Score = 0.870 >= 0.7, Min Dimension = 0.739)",10.516515731811523,118.74129486083984,184.41,1.0,0.3481,0.7392,GOOD,66.49,1.229,0.0,0.7868,0.0,0.0,0.7868,MILD_UNDEREXPOSURE,14.54,40.0,0.8391,MILD_LOW_CONTRAST,0.943,0.943,3.22,0.9142,LOW_NOISE,0.6984,0.9559,8528489,1.3388,1.0,1.0,1.0,1.0,COMPLETE_FOV,0.2381,1.213,1.0,1.0,1.0,UNIFORM_ILLUMINATION,0.0,0,1.0,CLEAN_NO_ARTIFACTS
train_IDRiD_038.jpg,NON-CRITICAL,OK TO GO,OK TO GO,True,False,False,0.8799,0.9152,0.6081,0.9185,0.7453,1.0,0.9761,1.0,GOOD,MILD_OVEREXPOSURE,SLIGHTLY_HIGH_CONTRAST,ACCEPTABLE_NOISE,COMPLETE_FOV,UNIFORM_ILLUMINATION,CLEAN_NO_ARTIFACTS,False,None,"All 7 quality dimensions within acceptable clinical limits (Overall Score = 0.880 >= 0.7, Min Dimension = 0.608)",28.181884765625,354.299560546875,494.17,1.0,0.788,0.9152,GOOD,116.32,7.85,0.0,0.7236,0.1155,0.0,0.6081,MILD_OVEREXPOSURE,36.07,140.0,0.9185,SLIGHTLY_HIGH_CONTRAST,1.533,1.533,10.31,0.7453,ACCEPTABLE_NOISE,0.7497,0.9436,9155451,1.4372,1.0,1.0,1.0,1.0,COMPLETE_FOV,0.2547,1.178,0.9633,1.0,0.9761,UNIFORM_ILLUMINATION,0.0,0,1.0,CLEAN_NO_ARTIFACTS
train_IDRiD_058.jpg,NON-CRITICAL,OK TO GO,OK TO GO,True,False,False,0.9266,0.9363,0.9438,1.0,0.66,1.0,0.8502,1.0,GOOD,ACCEPTABLE_EXPOSURE,GOOD_CONTRAST,ACCEPTABLE_NOISE,COMPLETE_FOV,UNIFORM_ILLUMINATION,CLEAN_NO_ARTIFACTS,False,None,"All 7 quality dimensions within acceptable clinical limits (Overall Score = 0.927 >= 0.7, Min Dimension = 0.660)",38.319854736328125,403.8138427734375,671.94,1.0,0.8406,0.9363,GOOD,82.5,0.788,0.0,0.9438,0.0,0.0,0.9438,ACCEPTABLE_EXPOSURE,24.03,64.0,1.0,GOOD_CONTRAST,1.772,1.772,10.12,0.66,ACCEPTABLE_NOISE,0.6951,0.9564,8488346,1.3325,1.0,1.0,1.0,1.0,COMPLETE_FOV,0.3064,1.38,0.834,0.8802,0.8502,UNIFORM_ILLUMINATION,0.0,0,1.0,CLEAN_NO_ARTIFACTS
train_IDRiD_078.jpg,NON-CRITICAL,OK TO GO,OK TO GO,True,False,False,0.8671,0.9202,0.5043,0.9129,0.7629,1.0,0.9816,1.0,GOOD,MILD_OVEREXPOSURE,SLIGHTLY_HIGH_CONTRAST,ACCEPTABLE_NOISE,COMPLETE_FOV,UNIFORM_ILLUMINATION,CLEAN_NO_ARTIFACTS,False,None,"All 7 quality dimensions within acceptable clinical limits (Overall Score = 0.867 >= 0.7, Min Dimension = 0.504)",26.257272720336918,365.3623046875,460.43,1.0,0.8004,0.9202,GOOD,124.89,5.594,0.0,0.5522,0.0478,0.0,0.5043,MILD_OVEREXPOSURE,36.36,156.0,0.9129,SLIGHTLY_HIGH_CONTRAST,1.484,1.484,11.5,0.7629,ACCEPTABLE_NOISE,0.7324,0.9452,8944136,1.404,1.0,1.0,1.0,1.0,COMPLETE_FOV,0.2513,1.087,0.9716,1.0,0.9816,UNIFORM_ILLUMINATION,0.0,0,1.0,CLEAN_NO_ARTIFACTS
train_IDRiD_098.jpg,NON-CRITICAL,OK TO GO,OK TO GO,True,False,False,0.9428,0.8655,0.967,1.0,0.8138,1.0,1.0,1.0,GOOD,ACCEPTABLE_EXPOSURE,GOOD_CONTRAST,ACCEPTABLE_NOISE,COMPLETE_FOV,UNIFORM_ILLUMINATION,CLEAN_NO_ARTIFACTS,False,None,"All 7 quality dimensions within acceptable clinical limits (Overall Score = 0.943 >= 0.7, Min Dimension = 0.814)",21.621530532836918,260.1578674316406,379.14,1.0,0.6637,0.8655,GOOD,94.4,3.09,0.0,0.967,0.0,0.0,0.967,ACCEPTABLE_EXPOSURE,22.83,54.0,1.0,GOOD_CONTRAST,1.341,1.341,7.39,0.8138,ACCEPTABLE_NOISE,0.7125,0.9517,8700694,1.3658,1.0,1.0,1.0,1.0,COMPLETE_FOV,0.2368,1.182,1.0,1.0,1.0,UNIFORM_ILLUMINATION,0.0,0,1.0,CLEAN_NO_ARTIFACTS
train_IDRiD_118.jpg,NON-CRITICAL,OK TO GO,OK TO GO,True,False,False,0.943,0.9298,0.9883,1.0,0.6911,1.0,0.9324,1.0,GOOD,ACCEPTABLE_EXPOSURE,GOOD_CONTRAST,ACCEPTABLE_NOISE,COMPLETE_FOV,UNIFORM_ILLUMINATION,CLEAN_NO_ARTIFACTS,False,None,"All 7 quality dimensions within acceptable clinical limits (Overall Score = 0.943 >= 0.7, Min Dimension = 0.691)",34.42746353149414,388.0317687988281,603.69,1.0,0.8246,0.9298,GOOD,91.57,3.194,0.0,0.9883,0.0,0.0,0.9883,ACCEPTABLE_EXPOSURE,24.25,59.0,1.0,GOOD_CONTRAST,1.685,1.685,10.35,0.6911,ACCEPTABLE_NOISE,0.7131,0.949,8708073,1.3669,1.0,1.0,1.0,1.0,COMPLETE_FOV,0.2816,1.234,0.896,1.0,0.9324,UNIFORM_ILLUMINATION,0.0,0,1.0,CLEAN_NO_ARTIFACTS
train_IDRiD_138.jpg,NON-CRITICAL,OK TO GO,OK TO GO,True,False,False,0.9266,0.9234,0.9492,1.0,0.69,1.0,0.8434,1.0,GOOD,ACCEPTABLE_EXPOSURE,GOOD_CONTRAST,ACCEPTABLE_NOISE,COMPLETE_FOV,UNIFORM_ILLUMINATION,CLEAN_NO_ARTIFACTS,False,None,"All 7 quality dimensions within acceptable clinical limits (Overall Score = 0.927 >= 0.7, Min Dimension = 0.690)",34.68144226074219,372.738525390625,608.14,1.0,0.8084,0.9234,GOOD,83.23,2.469,0.0,0.9492,0.0,0.0,0.9492,ACCEPTABLE_EXPOSURE,27.59,76.0,1.0,GOOD_CONTRAST,1.688,1.688,9.55,0.69,ACCEPTABLE_NOISE,0.7075,0.9528,8639742,1.3562,1.0,1.0,1.0,1.0,COMPLETE_FOV,0.3363,1.195,0.7591,1.0,0.8434,UNIFORM_ILLUMINATION,0.0,0,1.0,CLEAN_NO_ARTIFACTS
train_IDRiD_158.jpg,NON-CRITICAL,OK TO GO,OK TO GO,True,False,False,0.924,0.8128,0.9536,1.0,0.888,1.0,0.8899,1.0,GOOD,ACCEPTABLE_EXPOSURE,GOOD_CONTRAST,ACCEPTABLE_NOISE,COMPLETE_FOV,UNIFORM_ILLUMINATION,CLEAN_NO_ARTIFACTS,False,None,"All 7 quality dimensions within acceptable clinical limits (Overall Score = 0.924 >= 0.7, Min Dimension = 0.813)",15.176324844360352,187.4914703369141,266.12,1.0,0.5319,0.8128,GOOD,83.81,2.484,0.0,0.9536,0.0,0.0,0.9536,ACCEPTABLE_EXPOSURE,24.22,70.0,1.0,GOOD_CONTRAST,1.133,1.133,5.43,0.888,ACCEPTABLE_NOISE,0.7075,0.9545,8640310,1.3563,1.0,1.0,1.0,1.0,COMPLETE_FOV,0.3078,1.234,0.8306,1.0,0.8899,UNIFORM_ILLUMINATION,0.0,0,1.0,CLEAN_NO_ARTIFACTS
train_IDRiD_178.jpg,NON-CRITICAL,OK TO GO,OK TO GO,True,False,False,0.936,0.9019,0.9219,1.0,0.7348,1.0,0.9873,1.0,GOOD,ACCEPTABLE_EXPOSURE,GOOD_CONTRAST,ACCEPTABLE_NOISE,COMPLETE_FOV,UNIFORM_ILLUMINATION,CLEAN_NO_ARTIFACTS,False,None,"All 7 quality dimensions within acceptable clinical limits (Overall Score = 0.936 >= 0.7, Min Dimension = 0.735)",29.60498809814453,326.0980224609375,519.13,1.0,0.7546,0.9019,GOOD,100.42,0.694,0.0,0.9219,0.0,0.0,0.9219,ACCEPTABLE_EXPOSURE,21.97,61.0,1.0,GOOD_CONTRAST,1.563,1.563,8.52,0.7348,ACCEPTABLE_NOISE,0.6952,0.9562,8490320,1.3328,1.0,1.0,1.0,1.0,COMPLETE_FOV,0.2478,1.191,0.9805,1.0,0.9873,UNIFORM_ILLUMINATION,0.0,0,1.0,CLEAN_NO_ARTIFACTS
train_IDRiD_198.jpg,NON-CRITICAL,OK TO GO,OK TO GO,True,False,False,0.944,0.9569,0.9756,1.0,0.6349,1.0,0.9499,1.0,GOOD,ACCEPTABLE_EXPOSURE,GOOD_CONTRAST,MODERATE_NOISE,COMPLETE_FOV,UNIFORM_ILLUMINATION,CLEAN_NO_ARTIFACTS,False,None,"All 7 quality dimensions within acceptable clinical limits (Overall Score = 0.944 >= 0.7, Min Dimension = 0.635)",40.26214218139648,458.936767578125,706.0,1.0,0.8921,0.9569,GOOD,93.26,0.668,0.0,0.9756,0.0,0.0,0.9756,ACCEPTABLE_EXPOSURE,24.46,63.0,1.0,GOOD_CONTRAST,1.822,1.822,12.31,0.6349,MODERATE_NOISE,0.6951,0.9561,8488299,1.3324,1.0,1.0,1.0,1.0,COMPLETE_FOV,0.2708,1.234,0.923,1.0,0.9499,UNIFORM_ILLUMINATION,0.0,0,1.0,CLEAN_NO_ARTIFACTS
train_IDRiD_218.jpg,NON-CRITICAL,OK TO GO,OK TO GO,True,False,False,0.9271,0.9639,0.9217,1.0,0.6267,1.0,0.8519,1.0,GOOD,ACCEPTABLE_EXPOSURE,GOOD_CONTRAST,MODERATE_NOISE,COMPLETE_FOV,UNIFORM_ILLUMINATION,CLEAN_NO_ARTIFACTS,False,None,"All 7 quality dimensions within acceptable clinical limits (Overall Score = 0.927 >= 0.7, Min Dimension = 0.627)",40.61519241333008,479.47698974609375,712.19,1.0,0.9098,0.9639,GOOD,100.44,0.689,0.0,0.9217,0.0,0.0,0.9217,ACCEPTABLE_EXPOSURE,26.46,76.0,1.0,GOOD_CONTRAST,1.833,1.833,13.14,0.6267,MODERATE_NOISE,0.6946,0.9563,8482703,1.3316,1.0,1.0,1.0,1.0,COMPLETE_FOV,0.31,1.365,0.825,0.902,0.8519,UNIFORM_ILLUMINATION,0.0,0,1.0,CLEAN_NO_ARTIFACTS
train_IDRiD_238.jpg,NON-CRITICAL,OK TO GO,OK TO GO,True,False,False,0.9205,0.9655,0.9399,1.0,0.6088,1.0,0.7731,1.0,GOOD,ACCEPTABLE_EXPOSURE,GOOD_CONTRAST,MODERATE_NOISE,COMPLETE_FOV,MODERATE_UNEVEN_ILLUMINATION,CLEAN_NO_ARTIFACTS,False,None,"All 7 quality dimensions within acceptable clinical limits (Overall Score = 0.921 >= 0.7, Min Dimension = 0.609)",41.96706771850586,484.209228515625,735.9,1.0,0.9137,0.9655,GOOD,81.99,0.652,0.023,0.9399,0.0,0.0,0.9399,ACCEPTABLE_EXPOSURE,29.79,81.0,1.0,GOOD_CONTRAST,1.859,1.859,13.2,0.6088,MODERATE_NOISE,0.6941,0.9566,8476129,1.3305,1.0,1.0,1.0,1.0,COMPLETE_FOV,0.3648,1.346,0.688,0.9311,0.7731,MODERATE_UNEVEN_ILLUMINATION,0.0,0,1.0,CLEAN_NO_ARTIFACTS
train_IDRiD_258.jpg,NON-CRITICAL,OK TO GO,OK TO GO,True,False,False,0.9155,0.9212,0.7751,1.0,0.6893,1.0,1.0,1.0,GOOD,MILD_OVEREXPOSURE,GOOD_CONTRAST,ACCEPTABLE_NOISE,COMPLETE_FOV,UNIFORM_ILLUMINATION,CLEAN_NO_ARTIFACTS,False,None,"All 7 quality dimensions within acceptable clinical limits (Overall Score = 0.915 >= 0.7, Min Dimension = 0.689)",34.75910568237305,367.7378540039063,609.51,1.0,0.803,0.9212,GOOD,113.74,0.727,0.0,0.7751,0.0,0.0,0.7751,MILD_OVEREXPOSURE,16.25,40.0,1.0,GOOD_CONTRAST,1.69,1.69,9.26,0.6893,ACCEPTABLE_NOISE,0.6953,0.9559,8491205,1.3329,1.0,1.0,1.0,1.0,COMPLETE_FOV,0.1671,1.063,1.0,1.0,1.0,UNIFORM_ILLUMINATION,0.0,0,1.0,CLEAN_NO_ARTIFACTS
train_IDRiD_278.jpg,NON-CRITICAL,OK TO GO,OK TO GO,True,False,False,0.8929,0.9331,0.9591,0.6683,0.655,1.0,1.0,1.0,GOOD,ACCEPTABLE_EXPOSURE,MILD_LOW_CONTRAST,ACCEPTABLE_NOISE,COMPLETE_FOV,UNIFORM_ILLUMINATION,CLEAN_NO_ARTIFACTS,False,None,"All 7 quality dimensions within acceptable clinical limits (Overall Score = 0.893 >= 0.7, Min Dimension = 0.655)",38.96638107299805,395.9738464355469,683.28,1.0,0.8328,0.9331,GOOD,84.55,0.694,0.0,0.9591,0.0,0.0,0.9591,ACCEPTABLE_EXPOSURE,12.98,35.0,0.6683,MILD_LOW_CONTRAST,1.786,1.786,9.52,0.655,ACCEPTABLE_NOISE,0.6945,0.956,8481008,1.3313,1.0,1.0,1.0,1.0,COMPLETE_FOV,0.1819,1.082,1.0,1.0,1.0,UNIFORM_ILLUMINATION,0.0,0,1.0,CLEAN_NO_ARTIFACTS
train_IDRiD_298.jpg,NON-CRITICAL,OK TO GO,OK TO GO,True,False,False,0.9149,0.9522,0.8847,1.0,0.6567,1.0,0.7844,1.0,GOOD,ACCEPTABLE_EXPOSURE,GOOD_CONTRAST,ACCEPTABLE_NOISE,COMPLETE_FOV,MODERATE_UNEVEN_ILLUMINATION,CLEAN_NO_ARTIFACTS,False,None,"All 7 quality dimensions within acceptable clinical limits (Overall Score = 0.915 >= 0.7, Min Dimension = 0.657)",38.36952590942383,445.76080322265625,672.82,1.0,0.8804,0.9522,GOOD,74.62,0.672,0.0,0.8847,0.0,0.0,0.8847,ACCEPTABLE_EXPOSURE,26.11,78.0,1.0,GOOD_CONTRAST,1.781,1.781,12.04,0.6567,ACCEPTABLE_NOISE,0.6941,0.957,8476121,1.3305,1.0,1.0,1.0,1.0,COMPLETE_FOV,0.3727,1.218,0.6683,1.0,0.7844,MODERATE_UNEVEN_ILLUMINATION,0.0,0,1.0,CLEAN_NO_ARTIFACTS
train_IDRiD_318.jpg,NON-CRITICAL,OK TO GO,OK TO GO,True,False,False,0.9376,0.9557,0.9502,1.0,0.6011,1.0,0.9602,1.0,GOOD,ACCEPTABLE_EXPOSURE,GOOD_CONTRAST,MODERATE_NOISE,COMPLETE_FOV,UNIFORM_ILLUMINATION,CLEAN_NO_ARTIFACTS,False,None,"All 7 quality dimensions within acceptable clinical limits (Overall Score = 0.938 >= 0.7, Min Dimension = 0.601)",42.727664947509766,455.75579833984375,749.24,1.0,0.8893,0.9557,GOOD,96.65,0.705,0.0,0.9502,0.0,0.0,0.9502,ACCEPTABLE_EXPOSURE,24.17,66.0,1.0,GOOD_CONTRAST,1.87,1.87,11.65,0.6011,MODERATE_NOISE,0.6945,0.9564,8481591,1.3314,1.0,1.0,1.0,1.0,COMPLETE_FOV,0.2645,1.243,0.9388,1.0,0.9602,UNIFORM_ILLUMINATION,0.0,0,1.0,CLEAN_NO_ARTIFACTS
train_IDRiD_338.jpg,NON-CRITICAL,OK TO GO,OK TO GO,True,False,False,0.9351,0.9099,0.9736,1.0,0.7168,1.0,0.8992,1.0,GOOD,ACCEPTABLE_EXPOSURE,GOOD_CONTRAST,ACCEPTABLE_NOISE,COMPLETE_FOV,UNIFORM_ILLUMINATION,CLEAN_NO_ARTIFACTS,False,None,"All 7 quality dimensions within acceptable clinical limits (Overall Score = 0.935 >= 0.7, Min Dimension = 0.717)",31.55580139160156,342.8282470703125,553.34,1.0,0.7748,0.9099,GOOD,86.48,0.897,0.0,0.9736,0.0,0.0,0.9736,ACCEPTABLE_EXPOSURE,21.86,62.0,1.0,GOOD_CONTRAST,1.613,1.613,8.78,0.7168,ACCEPTABLE_NOISE,0.6963,0.9558,8503319,1.3348,1.0,1.0,1.0,1.0,COMPLETE_FOV,0.302,1.261,0.8449,1.0,0.8992,UNIFORM_ILLUMINATION,0.0,0,1.0,CLEAN_NO_ARTIFACTS
train_IDRiD_358.jpg,NON-CRITICAL,OK TO GO,OK TO GO,True,False,False,0.9161,0.924,0.8276,1.0,0.6849,1.0,0.925,1.0,GOOD,MILD_UNDEREXPOSURE,GOOD_CONTRAST,ACCEPTABLE_NOISE,COMPLETE_FOV,UNIFORM_ILLUMINATION,CLEAN_NO_ARTIFACTS,False,None,"All 7 quality dimensions within acceptable clinical limits (Overall Score = 0.916 >= 0.7, Min Dimension = 0.685)",35.31146240234375,374.177490234375,619.19,1.0,0.81,0.924,GOOD,68.75,0.774,0.0,0.8276,0.0,0.0,0.8276,MILD_UNDEREXPOSURE,19.5,57.0,1.0,GOOD_CONTRAST,1.702,1.702,9.42,0.6849,ACCEPTABLE_NOISE,0.6948,0.9561,8484593,1.3319,1.0,1.0,1.0,1.0,COMPLETE_FOV,0.2861,1.223,0.8846,1.0,0.925,UNIFORM_ILLUMINATION,0.0,0,1.0,CLEAN_NO_ARTIFACTS
train_IDRiD_378.jpg,NON-CRITICAL,OK TO GO,OK TO GO,True,False,False,0.926,0.9132,0.8808,1.0,0.709,1.0,0.9466,1.0,GOOD,ACCEPTABLE_EXPOSURE,GOOD_CONTRAST,ACCEPTABLE_NOISE,COMPLETE_FOV,UNIFORM_ILLUMINATION,CLEAN_NO_ARTIFACTS,False,None,"All 7 quality dimensions within acceptable clinical limits (Overall Score = 0.926 >= 0.7, Min Dimension = 0.709)",32.4100456237793,349.82037353515625,568.32,1.0,0.7829,0.9132,GOOD,74.11,1.036,0.0,0.8808,0.0,0.0,0.8808,ACCEPTABLE_EXPOSURE,18.18,52.0,1.0,GOOD_CONTRAST,1.635,1.635,8.86,0.709,ACCEPTABLE_NOISE,0.6972,0.956,8514174,1.3365,1.0,1.0,1.0,1.0,COMPLETE_FOV,0.2729,1.213,0.9178,1.0,0.9466,UNIFORM_ILLUMINATION,0.0,0,1.0,CLEAN_NO_ARTIFACTS
