Threshold Name,Metric,Threshold Value,Dataset Percentile,Affected Images,Percentage,Produces Status,Hard Failure,Enhanceable
blur_laplacian_var_min,focus_var_laplacian,< 4.5,P2.49,104,2.49%,CRITICAL,YES,NO (Severe defocus requires recapture)
blur_tenengrad_min,focus_tenengrad,< 50.0,P2.11,88,2.11%,CRITICAL,YES,NO (Severe defocus requires recapture)
blur_combined_hard_fail,focus_var_laplacian & focus_tenengrad,"(4.5, 50.0)",N/A (Joint),10,0.24%,CRITICAL,YES,NO
brightness_mean_min,brightness_mean,< 40.0,P1.15,48,1.15%,CRITICAL,YES,"NO (Signal below sensor floor, irrecoverable)"
brightness_dark_pct_max,brightness_dark_pct,> 18.0,P0.12 above (P99.88),5,0.12%,CRITICAL,YES,NO (Extreme tissue clipping)
brightness_mean_max,brightness_mean,> 140.0,P0.12 above (P99.88),5,0.12%,CRITICAL,YES,"NO (Flash bleaching, lost texture)"
brightness_bright_pct_max,brightness_bright_pct,> 1.2,P0.17 above (P99.83),7,0.17%,CRITICAL,YES,NO (Permanent sensor saturation)
brightness_overexp_combined,brightness_mean & brightness_bright_pct,"(140.0, 1.2)",N/A (Joint),0,0.00%,CRITICAL,YES,NO
illum_map_cov_max,illum_map_cov,> 0.52,P0.24 above (P99.76),10,0.24%,CRITICAL,YES,NO (Severe quadrant shadow / heavy gradient)
illum_center_edge_ratio_max,illum_center_edge_ratio,> 1.75,P0.10 above (P99.90),4,0.10%,CRITICAL,YES,NO (Extreme peripheral blackout)
artifact_sat_pixel_pct_max,artifact_sat_pixel_pct,> 0.5,P0.50 above (P99.50),21,0.50%,CRITICAL,YES,NO
artifact_glare_blob_count_min,artifact_glare_blob_count,>= 5,P0.37 above (P99.63),20,0.48%,CRITICAL,YES,NO
artifact_combined_hard_fail,artifact_sat_pixel_pct & artifact_glare_blob_count,"(0.5, 5)",N/A (Joint),10,0.24%,CRITICAL,YES,NO
fov_retinal_area_min,fov_retinal_area,< 150000,P0.00,0,0.00%,CRITICAL,YES,NO (Extreme low-res or thumbnail)
fov_circularity_min,fov_circularity,< 0.78,P0.00,0,0.00%,CRITICAL,YES,NO (Severe boundary cut-off / distortion)
fov_completeness_min,fov_completeness_ratio,< 0.7,P0.00,0,0.00%,CRITICAL,YES,NO (Aperture severely incomplete)
focus_lap_norm_critical,scale_normalized_laplacian,< 10.0,P3.06,128,3.06%,CRITICAL,NO,PARTIAL (Deconvolution/unsharp mask)
focus_lap_norm_borderline,scale_normalized_laplacian,< 25.0,P8.43,352,8.43%,BORDERLINE,NO,YES (Unsharp masking / Wiener filter)
focus_ten_critical,raw_tenengrad,< 50.0,P2.11,88,2.11%,CRITICAL,NO,PARTIAL
focus_ten_borderline,raw_tenengrad,< 150.0,P36.40,1521,36.40%,BORDERLINE,NO,YES (Edge enhancement)
brightness_mean_severe_under,brightness_mean,< 45.0,P2.25,94,2.25%,CRITICAL,NO,PARTIAL (Gamma curve lift)
brightness_mean_mild_under,brightness_mean,< 70.0,P20.49,856,20.49%,BORDERLINE,NO,"YES (Gamma correction, histogram stretch)"
brightness_mean_optimal_min,brightness_mean,< 70.0,P20.49,856,20.49%,BORDERLINE,NO,YES
brightness_mean_optimal_max,brightness_mean,> 110.0,P10.41 above (P89.59),435,10.41%,BORDERLINE,NO,YES (Gamma compression)
brightness_mean_severe_over,brightness_mean,> 130.0,P0.91 above (P99.09),38,0.91%,CRITICAL,NO,NO (Blanched retina)
brightness_dark_penalty_start,brightness_dark_pct,> 4.0,P7.06 above (P92.94),295,7.06%,BORDERLINE,NO,YES (Shadow lift)
brightness_dark_severe_pct,brightness_dark_pct,> 15.0,P0.36 above (P99.64),15,0.36%,CRITICAL,NO,NO
brightness_bright_penalty_start,brightness_bright_pct,> 0.4,P1.72 above (P98.28),72,1.72%,BORDERLINE,NO,YES (Highlight recovery)
brightness_bright_severe_pct,brightness_bright_pct,> 1.2,P0.17 above (P99.83),7,0.17%,CRITICAL,NO,NO
contrast_rms_severe_low,contrast_rms,< 11.0,P1.34,56,1.34%,CRITICAL,NO,PARTIAL (Dense cataract / haze)
contrast_rms_mild_low,contrast_rms,< 16.0,P24.65,1030,24.65%,BORDERLINE,NO,"YES (CLAHE, local contrast enhancement)"
contrast_rms_optimal_max,contrast_rms,> 32.0,P3.73 above (P96.27),156,3.73%,BORDERLINE,NO,YES (Dynamic range compression)
contrast_rms_excessive,contrast_rms,> 42.0,P0.57 above (P99.43),24,0.57%,BORDERLINE/CRITICAL,NO,PARTIAL (Glare suppression)
noise_std_optimal_max,noise_residual_std,> 1.1,P55.19 above (P44.81),2306,55.19%,BORDERLINE,NO,YES (Bilateral filtering / NLM)
noise_std_acceptable_max,noise_residual_std,> 1.8,P27.36 above (P72.64),1143,27.36%,BORDERLINE,NO,YES (Wavelet denoising)
noise_std_severe_min,noise_residual_std,> 2.3,P1.24 above (P98.76),52,1.24%,CRITICAL,NO,PARTIAL (Severe grain)
fov_circ_good_min,fov_circularity,< 0.92,P14.77,617,14.77%,BORDERLINE,NO,NO (Camera aperture is physical)
fov_circ_borderline_min,fov_circularity,< 0.85,P1.10,46,1.10%,BORDERLINE,NO,NO
fov_comp_good_min,fov_completeness_ratio,< 0.85,P11.92,498,11.92%,BORDERLINE,NO,NO
fov_comp_borderline_min,fov_completeness_ratio,< 0.75,P0.00,0,0.00%,BORDERLINE,NO,NO
illum_cov_good_max,illum_map_cov,> 0.24,P36.52 above (P63.48),1526,36.52%,BORDERLINE,NO,YES (Flat-field correction / Homomorphic)
illum_cov_borderline_max,illum_map_cov,> 0.38,P4.43 above (P95.57),185,4.43%,BORDERLINE,NO,YES (Vignetting correction)
illum_ratio_dev_good,raw_illum_center_edge_ratio,dev > 0.15,P80.23 (dev),826,19.77%,BORDERLINE,NO,YES (Radial gain compensation)
illum_ratio_dev_borderline,raw_illum_center_edge_ratio,dev > 0.35,P97.27 (dev),114,2.73%,BORDERLINE,NO,YES (Radial gain compensation)
artifact_sat_good_max,artifact_sat_pixel_pct,> 0.01,P4.60 above (P95.40),192,4.60%,BORDERLINE,NO,YES (Inpainting / highlight recovery)
artifact_sat_borderline_max,artifact_sat_pixel_pct,> 0.08,P2.92 above (P97.08),122,2.92%,BORDERLINE,NO,PARTIAL (Inpainting small reflections)
artifact_sat_severe_min,artifact_sat_pixel_pct,> 0.3,P0.98 above (P99.02),41,0.98%,CRITICAL,NO,NO (Obscured macula/arcade)
artifact_blobs_good_max,artifact_glare_blob_count,> 0,P52.47 above (P47.53),207,4.95%,BORDERLINE,NO,YES
artifact_blobs_borderline_max,artifact_glare_blob_count,> 2,P1.70 above (P98.30),53,1.27%,BORDERLINE,NO,PARTIAL
artifact_blobs_severe_min,artifact_glare_blob_count,> 5,P0.37 above (P99.63),12,0.29%,CRITICAL,NO,NO
